8250_mtk.ko	FOUND
adapter_class.ko	FOUND
adsp.ko	FOUND
aee_aed.ko	FOUND
aee_hangdet.ko	FOUND
aee_rs.ko	FOUND
arm_dsu_pmu.ko	FOUND
blocktag.ko	FOUND
bootprof.ko	FOUND
bq25980_mmi.ko	FOUND
cache-parity.ko	FOUND
cfg80211.ko	FOUND
charger_class.ko	FOUND
clk-bringup.ko	FOUND
clkbuf.ko	FOUND
clk-chk-mt6879.ko	FOUND
clk-common.ko	FOUND
clk-fmeter-mt6879.ko	FOUND
clk-mt6879-adsp.ko	FOUND
clk-mt6879-bus.ko	FOUND
clk-mt6879-cam.ko	FOUND
clk-mt6879-ccu.ko	FOUND
clk-mt6879-img.ko	FOUND
clk-mt6879.ko	FOUND
clk-mt6879-mdp.ko	FOUND
clk-mt6879-mmsys.ko	FOUND
clk-mt6879-peri.ko	FOUND
clk-mt6879-vcodec.ko	FOUND
cmdq_helper_inf.ko	FOUND
cmdq-platform-mt6879.ko	FOUND
cqhci.ko	FOUND
dbgtop-drm.ko	FOUND
device-apc-common.ko	FOUND
device-apc-mt6879.ko	FOUND
dsi-panel-mot-boe-nt37701a-655-fhdp-cmd-144hz.ko	MISSING
dsi-panel-mot-csot-vtdr6115-655-fhdp-dphy-vdo-144hz-c7.ko	FOUND
dsi-panel-mot-dummy-vdo-60hz.ko	FOUND
dsi-panel-mot-tianma-vtdr6115-655-fhdp-dphy-vdo-144hz.ko	FOUND
dsi-panel-mot-tm-vtdr6115-655-fhdp-dphy-vdo-144hz-u8.ko	FOUND
emi.ko	FOUND
emi-mpu.ko	FOUND
emi-mpu-v2.ko	FOUND
emi-slb.ko	FOUND
extcon-mtk-usb.ko	FOUND
extdev_io_class.ko	FOUND
fusb304.ko	FOUND
i2c-mt65xx.ko	FOUND
industrialio-triggered-buffer.ko	MISSING
iommu_debug.ko	FOUND
iommu_secure.ko	FOUND
iommu_test.ko	FOUND
irq-dbg.ko	FOUND
isee.ko	FOUND
kfifo_buf.ko	MISSING
leds-mtk-disp.ko	FOUND
leds-mtk.ko	FOUND
leds-mtk-pwm.ko	FOUND
log_store.ko	FOUND
mac80211.ko	FOUND
mcDrvModule.ko	FOUND
mdp_drv_mt6879.ko	FOUND
mediatek-cpufreq-hw.ko	FOUND
mediatek-drm.ko	FOUND
meta.ko	FOUND
mkp.ko	FOUND
mmprofile.ko	FOUND
mmqos-common.ko	FOUND
mmqos-mt6879.ko	FOUND
monitor_hang.ko	FOUND
moto_chg_tcmd.ko	FOUND
moto_wlc_alg.ko	FOUND
mrdump.ko	FOUND
mt6315-regulator.ko	FOUND
mt6363-regulator.ko	FOUND
mt6368-regulator.ko	FOUND
mt6375-adc.ko	FOUND
mt6375-auxadc.ko	FOUND
mt6375-battery.ko	FOUND
mt6375-charger.ko	FOUND
mt6375.ko	FOUND
mt6685-audclk.ko	FOUND
mt6685-core.ko	FOUND
mt6879_dcm.ko	FOUND
mtk_charger_algorithm_class.ko	FOUND
mtk_charger_framework.ko	FOUND
mtk_chg_type_det.ko	FOUND
mtk-cmdq-drv-ext.ko	FOUND
mtk_dcm.ko	FOUND
mtk_disp_notify.ko	FOUND
mtk_dramc.ko	FOUND
mtk-dvfsrc-devfreq.ko	FOUND
mtk-dvfsrc-helper.ko	FOUND
mtk-dvfsrc.ko	FOUND
mtk-dvfsrc-regulator.ko	FOUND
mtk-emi.ko	FOUND
mtk-icc-core.ko	FOUND
mtk_iommu.ko	FOUND
mtk-kpd.ko	FOUND
mtk-mbox-mailbox.ko	FOUND
mtk-mmc-autok.ko	FOUND
mtk-mmc-dbg.ko	FOUND
mtk-mmc.ko	FOUND
mtk-mmdvfs-debug.ko	FOUND
mtk-mmdvfs.ko	FOUND
mtk_mm_heap.ko	FOUND
mtk-mminfra-debug.ko	FOUND
mtk-mml.ko	FOUND
mtk-mml-mt6879.ko	FOUND
mtk_panel_ext.ko	FOUND
mtk_pd_adapter.ko	FOUND
mtk_pd_charging.ko	FOUND
mtk_pep20.ko	FOUND
mtk_pep40.ko	FOUND
mtk_pep50.ko	FOUND
mtk_pep.ko	FOUND
mtk-pmic-keys.ko	FOUND
mtk-pmic-wrap.ko	FOUND
mtk_printk_ctrl.ko	FOUND
mtk-scpsys-bringup.ko	FOUND
mtk-scpsys.ko	FOUND
mtk-scpsys-mt6879.ko	FOUND
mtk_slbc.ko	FOUND
mtk-smi-dbg.ko	FOUND
mtk-smi.ko	FOUND
mtk-socinfo.ko	FOUND
mtk-spmi-pmic-adc.ko	FOUND
mtk-spmi-pmic.ko	FOUND
mtk-swpm-perf-arm-pmu.ko	FOUND
mtk_sync.ko	FOUND
mtk-uart-apdma.ko	FOUND
mtk-vmm-spm.ko	FOUND
mtk_wdt.ko	FOUND
mtu3.ko	FOUND
mux_switch.ko	FOUND
nvmem_mtk-devinfo.ko	FOUND
pd-chk-mt6879.ko	FOUND
pd_dbg_info.ko	FOUND
phy-mtk-tphy.ko	FOUND
phy-mtk-ufs.ko	FOUND
pidmap.ko	FOUND
pinctrl-mt6879.ko	FOUND
pinctrl-mtk-common-v2_debug.ko	FOUND
pinctrl-mtk-v2.ko	FOUND
pmic_lbat_service.ko	FOUND
ps5169.ko	FOUND
pwm-mtk-disp.ko	FOUND
regmap-spmi.ko	FOUND
regulator-vibrator.ko	FOUND
reset-ti-syscon.ko	FOUND
rpmb.ko	FOUND
rpmb-mtk.ko	FOUND
rt5133-regulator.ko	FOUND
rt6160-regulator.ko	FOUND
rtc-mt6685.ko	FOUND
rt_pd_manager.ko	FOUND
sec-rng.ko	FOUND
spi-mt65xx.ko	FOUND
spmi-mtk-pmif.ko	FOUND
system_heap.ko	FOUND
tcpc_class.ko	FOUND
tcpci_late_sync.ko	FOUND
tcpc_mt6375.ko	FOUND
teeperf.ko	FOUND
tinysys-scmi.ko	FOUND
tui-common.ko	FOUND
ufs-mediatek-dbg.ko	FOUND
ufs-mediatek-mod.ko	FOUND
usb_boost.ko	FOUND
vcp_status.ko	FOUND
wl2864c-regulator.ko	FOUND
xhci-mtk-hcd.ko	FOUND
