module	stock_path	compiled_path	stock_vermagic	compiled_vermagic	vermagic_equal	stock_depends	compiled_depends	depends_equal	stock_size	compiled_size	compiled_over_stock	stock_undef	compiled_undef	undef_delta
8250_mtk.ko	/home/rebelpilot89/manaus-kernel/Firmware-stock/analysis_modules/stock_extract/lib/modules/8250_mtk.ko	/home/rebelpilot89/manaus-kernel/out/drivers/tty/serial/8250/8250_mtk.ko	5.10.233-android12-9-39248-gdd0980c7e7d6 SMP preempt mod_unload modversions aarch64	5.10.233 SMP preempt mod_unload modversions aarch64	no			yes	40272	396768	9.852	56	54	-2
adapter_class.ko	/home/rebelpilot89/manaus-kernel/Firmware-stock/analysis_modules/stock_extract/lib/modules/adapter_class.ko	/home/rebelpilot89/manaus-kernel/out/drivers/power/supply/adapter_class.ko	5.10.233-android12-9-39248-gdd0980c7e7d6 SMP preempt mod_unload modversions aarch64	5.10.233 SMP preempt mod_unload modversions aarch64	no			yes	31312	303720	9.700	19	20	1
adsp.ko	/home/rebelpilot89/manaus-kernel/Firmware-stock/analysis_modules/stock_extract/lib/modules/adsp.ko	/home/rebelpilot89/manaus-kernel/out/drivers/misc/mediatek/adsp/adsp.ko	5.10.233-android12-9-39248-gdd0980c7e7d6 SMP preempt mod_unload modversions aarch64	5.10.233 SMP preempt mod_unload modversions aarch64	no	aee_aed,mrdump,mtk_slbc,mtk-mbox,irq-dbg,emi-mpu	aee_aed,mrdump,mtk_slbc,irq-dbg,emi-mpu	no	186624	3105704	16.642	117	121	4
aee_aed.ko	/home/rebelpilot89/manaus-kernel/Firmware-stock/analysis_modules/stock_extract/lib/modules/aee_aed.ko	/home/rebelpilot89/manaus-kernel/out/drivers/misc/mediatek/aee/aed/aee_aed.ko	5.10.233-android12-9-39248-gdd0980c7e7d6 SMP preempt mod_unload modversions aarch64	5.10.233 SMP preempt mod_unload modversions aarch64	no	mrdump	mrdump	yes	156816	1171584	7.471	127	133	6
aee_hangdet.ko	/home/rebelpilot89/manaus-kernel/Firmware-stock/analysis_modules/stock_extract/lib/modules/aee_hangdet.ko	/home/rebelpilot89/manaus-kernel/out/drivers/misc/mediatek/aee/hangdet/aee_hangdet.ko	5.10.233-android12-9-39248-gdd0980c7e7d6 SMP preempt mod_unload modversions aarch64	5.10.233 SMP preempt mod_unload modversions aarch64	no	mrdump	mrdump	yes	54264	576552	10.625	61	64	3
aee_rs.ko	/home/rebelpilot89/manaus-kernel/Firmware-stock/analysis_modules/stock_extract/lib/modules/aee_rs.ko	/home/rebelpilot89/manaus-kernel/out/drivers/misc/mediatek/aee/aed/aee_rs.ko	5.10.233-android12-9-39248-gdd0980c7e7d6 SMP preempt mod_unload modversions aarch64	5.10.233 SMP preempt mod_unload modversions aarch64	no	mediatek-drm,aee_aed	mediatek-drm,aee_aed	yes	19528	296368	15.177	22	23	1
arm_dsu_pmu.ko	/home/rebelpilot89/manaus-kernel/Firmware-stock/analysis_modules/stock_extract/lib/modules/arm_dsu_pmu.ko	/home/rebelpilot89/manaus-kernel/out/drivers/perf/arm_dsu_pmu.ko	5.10.233-android12-9-39248-gdd0980c7e7d6 SMP preempt mod_unload modversions aarch64	5.10.233 SMP preempt mod_unload modversions aarch64	no			yes	38488	443704	11.528	38	42	4
blocktag.ko	/home/rebelpilot89/manaus-kernel/Firmware-stock/analysis_modules/stock_extract/lib/modules/blocktag.ko	/home/rebelpilot89/manaus-kernel/out/drivers/misc/mediatek/blocktag/blocktag.ko	5.10.233-android12-9-39248-gdd0980c7e7d6 SMP preempt mod_unload modversions aarch64	5.10.233 SMP preempt mod_unload modversions aarch64	no	mrdump	mrdump	yes	124784	1842864	14.768	75	84	9
bootprof.ko	/home/rebelpilot89/manaus-kernel/Firmware-stock/analysis_modules/stock_extract/lib/modules/bootprof.ko	/home/rebelpilot89/manaus-kernel/out/drivers/misc/mediatek/mtprof/bootprof.ko	5.10.233-android12-9-39248-gdd0980c7e7d6 SMP preempt mod_unload modversions aarch64	5.10.233 SMP preempt mod_unload modversions aarch64	no			yes	41360	365400	8.835	38	40	2
bq25980_mmi.ko	/home/rebelpilot89/manaus-kernel/Firmware-stock/analysis_modules/stock_extract/lib/modules/bq25980_mmi.ko	/home/rebelpilot89/manaus-kernel/out/drivers/power/supply/bq25980_mmi/bq25980_mmi.ko	5.10.233-android12-9-39248-gdd0980c7e7d6 SMP preempt mod_unload modversions aarch64	5.10.233 SMP preempt mod_unload modversions aarch64	no	charger_class	charger_class	yes	65648	462128	7.039	42	44	2
cache-parity.ko	/home/rebelpilot89/manaus-kernel/Firmware-stock/analysis_modules/stock_extract/lib/modules/cache-parity.ko	/home/rebelpilot89/manaus-kernel/out/drivers/misc/mediatek/sda/cache-parity.ko	5.10.233-android12-9-39248-gdd0980c7e7d6 SMP preempt mod_unload modversions aarch64	5.10.233 SMP preempt mod_unload modversions aarch64	no	mrdump,aee_aed	mrdump,aee_aed	yes	38576	351088	9.101	51	54	3
cfg80211.ko	/home/rebelpilot89/manaus-kernel/Firmware-stock/analysis_modules/stock_extract/lib/modules/cfg80211.ko	/home/rebelpilot89/manaus-kernel/out/net/wireless/cfg80211.ko	5.10.233-android12-9-39248-gdd0980c7e7d6 SMP preempt mod_unload modversions aarch64	5.10.233 SMP preempt mod_unload modversions aarch64	no			yes	2059640	22716672	11.029	185	191	6
charger_class.ko	/home/rebelpilot89/manaus-kernel/Firmware-stock/analysis_modules/stock_extract/lib/modules/charger_class.ko	/home/rebelpilot89/manaus-kernel/out/drivers/power/supply/charger_class.ko	5.10.233-android12-9-39248-gdd0980c7e7d6 SMP preempt mod_unload modversions aarch64	5.10.233 SMP preempt mod_unload modversions aarch64	no			yes	88344	419248	4.746	20	22	2
clk-bringup.ko	/home/rebelpilot89/manaus-kernel/Firmware-stock/analysis_modules/stock_extract/lib/modules/clk-bringup.ko	/home/rebelpilot89/manaus-kernel/out/drivers/clk/mediatek/clk-bringup.ko	5.10.233-android12-9-39248-gdd0980c7e7d6 SMP preempt mod_unload modversions aarch64	5.10.233 SMP preempt mod_unload modversions aarch64	no			yes	15440	272408	17.643	15	15	0
clkbuf.ko	/home/rebelpilot89/manaus-kernel/Firmware-stock/analysis_modules/stock_extract/lib/modules/clkbuf.ko	/home/rebelpilot89/manaus-kernel/out/drivers/misc/mediatek/clkbuf/clkbuf.ko	5.10.233-android12-9-39248-gdd0980c7e7d6 SMP preempt mod_unload modversions aarch64	5.10.233 SMP preempt mod_unload modversions aarch64	no			yes	218760	1478768	6.760	55	60	5
clk-chk-mt6879.ko	/home/rebelpilot89/manaus-kernel/Firmware-stock/analysis_modules/stock_extract/lib/modules/clk-chk-mt6879.ko	/home/rebelpilot89/manaus-kernel/out/drivers/clk/mediatek/clk-chk-mt6879.ko	5.10.233-android12-9-39248-gdd0980c7e7d6 SMP preempt mod_unload modversions aarch64	5.10.233 SMP preempt mod_unload modversions aarch64	no	clk-common,device-apc-common	clk-common,device-apc-common	yes	60136	359288	5.975	19	20	1
clk-common.ko	/home/rebelpilot89/manaus-kernel/Firmware-stock/analysis_modules/stock_extract/lib/modules/clk-common.ko	/home/rebelpilot89/manaus-kernel/out/drivers/clk/mediatek/clk-common.ko	5.10.233-android12-9-39248-gdd0980c7e7d6 SMP preempt mod_unload modversions aarch64	5.10.233 SMP preempt mod_unload modversions aarch64	no	aee_aed	aee_aed	yes	264688	2466176	9.317	107	110	3
clk-dbg-mt6879.ko	/home/rebelpilot89/manaus-kernel/Firmware-stock/analysis_modules/stock_extract/lib/modules/clk-dbg-mt6879.ko	/home/rebelpilot89/manaus-kernel/out/drivers/clk/mediatek/clk-dbg-mt6879.ko	5.10.233-android12-9-39248-gdd0980c7e7d6 SMP preempt mod_unload modversions aarch64	5.10.233 SMP preempt mod_unload modversions aarch64	no	clk-common	clk-common	yes	32440	303064	9.342	6	7	1
clk-disable-unused.ko	/home/rebelpilot89/manaus-kernel/Firmware-stock/analysis_modules/stock_extract/lib/modules/clk-disable-unused.ko	/home/rebelpilot89/manaus-kernel/out/drivers/clk/mediatek/clk-disable-unused.ko	5.10.233-android12-9-39248-gdd0980c7e7d6 SMP preempt mod_unload modversions aarch64	5.10.233 SMP preempt mod_unload modversions aarch64	no			yes	15400	274808	17.845	17	18	1
clk-fmeter-mt6879.ko	/home/rebelpilot89/manaus-kernel/Firmware-stock/analysis_modules/stock_extract/lib/modules/clk-fmeter-mt6879.ko	/home/rebelpilot89/manaus-kernel/out/drivers/clk/mediatek/clk-fmeter-mt6879.ko	5.10.233-android12-9-39248-gdd0980c7e7d6 SMP preempt mod_unload modversions aarch64	5.10.233 SMP preempt mod_unload modversions aarch64	no	clk-common	clk-common	yes	57336	399032	6.960	20	22	2
clk-mt6879-adsp.ko	/home/rebelpilot89/manaus-kernel/Firmware-stock/analysis_modules/stock_extract/lib/modules/clk-mt6879-adsp.ko	/home/rebelpilot89/manaus-kernel/out/drivers/clk/mediatek/clk-mt6879-adsp.ko	5.10.233-android12-9-39248-gdd0980c7e7d6 SMP preempt mod_unload modversions aarch64	5.10.233 SMP preempt mod_unload modversions aarch64	no	clk-common	clk-common	yes	19432	273096	14.054	6	7	1
clk-mt6879-bus.ko	/home/rebelpilot89/manaus-kernel/Firmware-stock/analysis_modules/stock_extract/lib/modules/clk-mt6879-bus.ko	/home/rebelpilot89/manaus-kernel/out/drivers/clk/mediatek/clk-mt6879-bus.ko	5.10.233-android12-9-39248-gdd0980c7e7d6 SMP preempt mod_unload modversions aarch64	5.10.233 SMP preempt mod_unload modversions aarch64	no	clk-common	clk-common	yes	15736	270400	17.184	6	7	1
clk-mt6879-cam.ko	/home/rebelpilot89/manaus-kernel/Firmware-stock/analysis_modules/stock_extract/lib/modules/clk-mt6879-cam.ko	/home/rebelpilot89/manaus-kernel/out/drivers/clk/mediatek/clk-mt6879-cam.ko	5.10.233-android12-9-39248-gdd0980c7e7d6 SMP preempt mod_unload modversions aarch64	5.10.233 SMP preempt mod_unload modversions aarch64	no	clk-common	clk-common	yes	26040	282784	10.860	7	8	1
clk-mt6879-ccu.ko	/home/rebelpilot89/manaus-kernel/Firmware-stock/analysis_modules/stock_extract/lib/modules/clk-mt6879-ccu.ko	/home/rebelpilot89/manaus-kernel/out/drivers/clk/mediatek/clk-mt6879-ccu.ko	5.10.233-android12-9-39248-gdd0980c7e7d6 SMP preempt mod_unload modversions aarch64	5.10.233 SMP preempt mod_unload modversions aarch64	no	clk-common	clk-common	yes	13416	268072	19.982	6	7	1
clk-mt6879-img.ko	/home/rebelpilot89/manaus-kernel/Firmware-stock/analysis_modules/stock_extract/lib/modules/clk-mt6879-img.ko	/home/rebelpilot89/manaus-kernel/out/drivers/clk/mediatek/clk-mt6879-img.ko	5.10.233-android12-9-39248-gdd0980c7e7d6 SMP preempt mod_unload modversions aarch64	5.10.233 SMP preempt mod_unload modversions aarch64	no	clk-common	clk-common	yes	21224	279176	13.154	7	8	1
clk-mt6879.ko	/home/rebelpilot89/manaus-kernel/Firmware-stock/analysis_modules/stock_extract/lib/modules/clk-mt6879.ko	/home/rebelpilot89/manaus-kernel/out/drivers/clk/mediatek/clk-mt6879.ko	5.10.233-android12-9-39248-gdd0980c7e7d6 SMP preempt mod_unload modversions aarch64	5.10.233 SMP preempt mod_unload modversions aarch64	no	clk-common	clk-common	yes	79576	373720	4.696	24	25	1
clk-mt6879-mdp.ko	/home/rebelpilot89/manaus-kernel/Firmware-stock/analysis_modules/stock_extract/lib/modules/clk-mt6879-mdp.ko	/home/rebelpilot89/manaus-kernel/out/drivers/clk/mediatek/clk-mt6879-mdp.ko	5.10.233-android12-9-39248-gdd0980c7e7d6 SMP preempt mod_unload modversions aarch64	5.10.233 SMP preempt mod_unload modversions aarch64	no	clk-common	clk-common	yes	16328	270384	16.560	6	7	1
clk-mt6879-mmsys.ko	/home/rebelpilot89/manaus-kernel/Firmware-stock/analysis_modules/stock_extract/lib/modules/clk-mt6879-mmsys.ko	/home/rebelpilot89/manaus-kernel/out/drivers/clk/mediatek/clk-mt6879-mmsys.ko	5.10.233-android12-9-39248-gdd0980c7e7d6 SMP preempt mod_unload modversions aarch64	5.10.233 SMP preempt mod_unload modversions aarch64	no	clk-common	clk-common	yes	21112	279096	13.220	7	8	1
clk-mt6879-peri.ko	/home/rebelpilot89/manaus-kernel/Firmware-stock/analysis_modules/stock_extract/lib/modules/clk-mt6879-peri.ko	/home/rebelpilot89/manaus-kernel/out/drivers/clk/mediatek/clk-mt6879-peri.ko	5.10.233-android12-9-39248-gdd0980c7e7d6 SMP preempt mod_unload modversions aarch64	5.10.233 SMP preempt mod_unload modversions aarch64	no	clk-common	clk-common	yes	24024	281632	11.723	6	7	1
clk-mt6879-vcodec.ko	/home/rebelpilot89/manaus-kernel/Firmware-stock/analysis_modules/stock_extract/lib/modules/clk-mt6879-vcodec.ko	/home/rebelpilot89/manaus-kernel/out/drivers/clk/mediatek/clk-mt6879-vcodec.ko	5.10.233-android12-9-39248-gdd0980c7e7d6 SMP preempt mod_unload modversions aarch64	5.10.233 SMP preempt mod_unload modversions aarch64	no	clk-common	clk-common	yes	14992	269608	17.983	7	8	1
cmdq_helper_inf.ko	/home/rebelpilot89/manaus-kernel/Firmware-stock/analysis_modules/stock_extract/lib/modules/cmdq_helper_inf.ko	/home/rebelpilot89/manaus-kernel/out/drivers/misc/mediatek/mdp/cmdq_helper_inf.ko	5.10.233-android12-9-39248-gdd0980c7e7d6 SMP preempt mod_unload modversions aarch64	5.10.233 SMP preempt mod_unload modversions aarch64	no	mtk-cmdq-drv-ext	mtk-cmdq-drv-ext	yes	20696	349712	16.898	6	7	1
cmdq-platform-mt6879.ko	/home/rebelpilot89/manaus-kernel/Firmware-stock/analysis_modules/stock_extract/lib/modules/cmdq-platform-mt6879.ko	/home/rebelpilot89/manaus-kernel/out/drivers/misc/mediatek/cmdq/mailbox/cmdq-platform-mt6879.ko	5.10.233-android12-9-39248-gdd0980c7e7d6 SMP preempt mod_unload modversions aarch64	5.10.233 SMP preempt mod_unload modversions aarch64	no	mtk-cmdq-drv-ext	mtk-cmdq-drv-ext	yes	17088	156512	9.159	3	4	1
cqhci.ko	/home/rebelpilot89/manaus-kernel/Firmware-stock/analysis_modules/stock_extract/lib/modules/cqhci.ko	/home/rebelpilot89/manaus-kernel/out/drivers/mmc/host/cqhci.ko	5.10.233-android12-9-39248-gdd0980c7e7d6 SMP preempt mod_unload modversions aarch64	5.10.233 SMP preempt mod_unload modversions aarch64	no	mcDrvModule,blocktag	blocktag	no	82136	823392	10.025	44	47	3
dbgtop-drm.ko	/home/rebelpilot89/manaus-kernel/Firmware-stock/analysis_modules/stock_extract/lib/modules/dbgtop-drm.ko	/home/rebelpilot89/manaus-kernel/out/drivers/misc/mediatek/sda/dbgtop-drm.ko	5.10.233-android12-9-39248-gdd0980c7e7d6 SMP preempt mod_unload modversions aarch64	5.10.233 SMP preempt mod_unload modversions aarch64	no			yes	22792	308392	13.531	12	14	2
device-apc-common.ko	/home/rebelpilot89/manaus-kernel/Firmware-stock/analysis_modules/stock_extract/lib/modules/device-apc-common.ko	/home/rebelpilot89/manaus-kernel/out/drivers/soc/mediatek/devapc/device-apc-common.ko	5.10.233-android12-9-39248-gdd0980c7e7d6 SMP preempt mod_unload modversions aarch64	5.10.233 SMP preempt mod_unload modversions aarch64	no	aee_aed	aee_aed	yes	99824	598680	5.997	44	48	4
device-apc-mt6879.ko	/home/rebelpilot89/manaus-kernel/Firmware-stock/analysis_modules/stock_extract/lib/modules/device-apc-mt6879.ko	/home/rebelpilot89/manaus-kernel/out/drivers/soc/mediatek/devapc/device-apc-mt6879.ko	5.10.233-android12-9-39248-gdd0980c7e7d6 SMP preempt mod_unload modversions aarch64	5.10.233 SMP preempt mod_unload modversions aarch64	no	device-apc-common	device-apc-common	yes	116520	443168	3.803	13	15	2
dsi-panel-mot-csot-vtdr6115-655-fhdp-dphy-vdo-144hz-c7.ko	/home/rebelpilot89/manaus-kernel/Firmware-stock/analysis_modules/stock_extract/lib/modules/dsi-panel-mot-csot-vtdr6115-655-fhdp-dphy-vdo-144hz-c7.ko	/home/rebelpilot89/manaus-kernel/out/drivers/gpu/drm/panel/dsi-panel-mot-csot-vtdr6115-655-fhdp-dphy-vdo-144hz-c7.ko	5.10.233-android12-9-39248-gdd0980c7e7d6 SMP preempt mod_unload modversions aarch64	5.10.233 SMP preempt mod_unload modversions aarch64	no	mtk_panel_ext	mtk_panel_ext	yes	311320	771272	2.477	40	43	3
dsi-panel-mot-dummy-vdo-60hz.ko	/home/rebelpilot89/manaus-kernel/Firmware-stock/analysis_modules/stock_extract/lib/modules/dsi-panel-mot-dummy-vdo-60hz.ko	/home/rebelpilot89/manaus-kernel/out/drivers/gpu/drm/panel/dsi-panel-mot-dummy-vdo-60hz.ko	5.10.233-android12-9-39248-gdd0980c7e7d6 SMP preempt mod_unload modversions aarch64	5.10.233 SMP preempt mod_unload modversions aarch64	no	mtk_panel_ext	mtk_panel_ext	yes	83592	485664	5.810	23	25	2
dsi-panel-mot-tianma-vtdr6115-655-fhdp-dphy-vdo-144hz.ko	/home/rebelpilot89/manaus-kernel/Firmware-stock/analysis_modules/stock_extract/lib/modules/dsi-panel-mot-tianma-vtdr6115-655-fhdp-dphy-vdo-144hz.ko	/home/rebelpilot89/manaus-kernel/out/drivers/gpu/drm/panel/dsi-panel-mot-tianma-vtdr6115-655-fhdp-dphy-vdo-144hz.ko	5.10.233-android12-9-39248-gdd0980c7e7d6 SMP preempt mod_unload modversions aarch64	5.10.233 SMP preempt mod_unload modversions aarch64	no	mtk_panel_ext	mtk_panel_ext	yes	310288	777680	2.506	40	43	3
dsi-panel-mot-tm-vtdr6115-655-fhdp-dphy-vdo-144hz-u8.ko	/home/rebelpilot89/manaus-kernel/Firmware-stock/analysis_modules/stock_extract/lib/modules/dsi-panel-mot-tm-vtdr6115-655-fhdp-dphy-vdo-144hz-u8.ko	/home/rebelpilot89/manaus-kernel/out/drivers/gpu/drm/panel/dsi-panel-mot-tm-vtdr6115-655-fhdp-dphy-vdo-144hz-u8.ko	5.10.233-android12-9-39248-gdd0980c7e7d6 SMP preempt mod_unload modversions aarch64	5.10.233 SMP preempt mod_unload modversions aarch64	no	mtk_panel_ext	mtk_panel_ext	yes	312392	776648	2.486	40	43	3
emi.ko	/home/rebelpilot89/manaus-kernel/Firmware-stock/analysis_modules/stock_extract/lib/modules/emi.ko	/home/rebelpilot89/manaus-kernel/out/drivers/memory/mediatek/emi.ko	5.10.233-android12-9-39248-gdd0980c7e7d6 SMP preempt mod_unload modversions aarch64	5.10.233 SMP preempt mod_unload modversions aarch64	no	emi-mpu	emi-mpu	yes	67336	699560	10.389	40	42	2
emi-mpu-hook-v1.ko	/home/rebelpilot89/manaus-kernel/Firmware-stock/analysis_modules/stock_extract/lib/modules/emi-mpu-hook-v1.ko	/home/rebelpilot89/manaus-kernel/out/drivers/memory/mediatek/emi-mpu-hook-v1.ko	5.10.233-android12-9-39248-gdd0980c7e7d6 SMP preempt mod_unload modversions aarch64	5.10.233 SMP preempt mod_unload modversions aarch64	no	emi-mpu-v2	emi-mpu-v2	yes	11328	150392	13.276	3	4	1
emi-mpu.ko	/home/rebelpilot89/manaus-kernel/Firmware-stock/analysis_modules/stock_extract/lib/modules/emi-mpu.ko	/home/rebelpilot89/manaus-kernel/out/drivers/memory/mediatek/emi-mpu.ko	5.10.233-android12-9-39248-gdd0980c7e7d6 SMP preempt mod_unload modversions aarch64	5.10.233 SMP preempt mod_unload modversions aarch64	no	aee_aed	aee_aed	yes	43224	360160	8.332	39	39	0
emi-mpu-v2.ko	/home/rebelpilot89/manaus-kernel/Firmware-stock/analysis_modules/stock_extract/lib/modules/emi-mpu-v2.ko	/home/rebelpilot89/manaus-kernel/out/drivers/memory/mediatek/emi-mpu-v2.ko	5.10.233-android12-9-39248-gdd0980c7e7d6 SMP preempt mod_unload modversions aarch64	5.10.233 SMP preempt mod_unload modversions aarch64	no	emi-mpu,aee_aed	emi-mpu,aee_aed	yes	30792	333016	10.815	34	34	0
emi-slb.ko	/home/rebelpilot89/manaus-kernel/Firmware-stock/analysis_modules/stock_extract/lib/modules/emi-slb.ko	/home/rebelpilot89/manaus-kernel/out/drivers/memory/mediatek/emi-slb.ko	5.10.233-android12-9-39248-gdd0980c7e7d6 SMP preempt mod_unload modversions aarch64	5.10.233 SMP preempt mod_unload modversions aarch64	no	aee_aed	aee_aed	yes	20680	304136	14.707	27	28	1
extcon-mtk-usb.ko	/home/rebelpilot89/manaus-kernel/Firmware-stock/analysis_modules/stock_extract/lib/modules/extcon-mtk-usb.ko	/home/rebelpilot89/manaus-kernel/out/drivers/misc/mediatek/extcon/extcon-mtk-usb.ko	5.10.233-android12-9-39248-gdd0980c7e7d6 SMP preempt mod_unload modversions aarch64	5.10.233 SMP preempt mod_unload modversions aarch64	no	tcpc_class	tcpc_class	yes	31944	614544	19.238	48	49	1
extdev_io_class.ko	/home/rebelpilot89/manaus-kernel/Firmware-stock/analysis_modules/stock_extract/lib/modules/extdev_io_class.ko	/home/rebelpilot89/manaus-kernel/out/drivers/misc/mediatek/subpmic/extdev_io_class.ko	5.10.233-android12-9-39248-gdd0980c7e7d6 SMP preempt mod_unload modversions aarch64	5.10.233 SMP preempt mod_unload modversions aarch64	no			yes	23400	296928	12.689	26	28	2
fsa4480.ko	/home/rebelpilot89/manaus-kernel/Firmware-stock/analysis_modules/stock_extract/lib/modules/fsa4480.ko	/home/rebelpilot89/manaus-kernel/out/drivers/misc/mediatek/fsa4480/fsa4480.ko	5.10.233-android12-9-39248-gdd0980c7e7d6 SMP preempt mod_unload modversions aarch64	5.10.233 SMP preempt mod_unload modversions aarch64	no			yes	17576	302304	17.200	15	16	1
fusb304.ko	/home/rebelpilot89/manaus-kernel/Firmware-stock/analysis_modules/stock_extract/lib/modules/fusb304.ko	/home/rebelpilot89/manaus-kernel/out/drivers/misc/mediatek/typec/mux/fusb304.ko	5.10.233-android12-9-39248-gdd0980c7e7d6 SMP preempt mod_unload modversions aarch64	5.10.233 SMP preempt mod_unload modversions aarch64	no	mux_switch	mux_switch	yes	15920	285040	17.905	12	12	0
i2c-mt65xx.ko	/home/rebelpilot89/manaus-kernel/Firmware-stock/analysis_modules/stock_extract/lib/modules/i2c-mt65xx.ko	/home/rebelpilot89/manaus-kernel/out/drivers/i2c/busses/i2c-mt65xx.ko	5.10.233-android12-9-39248-gdd0980c7e7d6 SMP preempt mod_unload modversions aarch64	5.10.233 SMP preempt mod_unload modversions aarch64	no			yes	89088	578336	6.492	47	49	2
iommu_debug.ko	/home/rebelpilot89/manaus-kernel/Firmware-stock/analysis_modules/stock_extract/lib/modules/iommu_debug.ko	/home/rebelpilot89/manaus-kernel/out/drivers/misc/mediatek/iommu/iommu_debug.ko	5.10.233-android12-9-39248-gdd0980c7e7d6 SMP preempt mod_unload modversions aarch64	5.10.233 SMP preempt mod_unload modversions aarch64	no	aee_aed	iommu_secure,aee_aed	no	241656	683928	2.830	44	51	7
iommu_secure.ko	/home/rebelpilot89/manaus-kernel/Firmware-stock/analysis_modules/stock_extract/lib/modules/iommu_secure.ko	/home/rebelpilot89/manaus-kernel/out/drivers/misc/mediatek/iommu/iommu_secure.ko	5.10.233-android12-9-39248-gdd0980c7e7d6 SMP preempt mod_unload modversions aarch64	5.10.233 SMP preempt mod_unload modversions aarch64	no			yes	54824	371400	6.774	7	8	1
iommu_test.ko	/home/rebelpilot89/manaus-kernel/Firmware-stock/analysis_modules/stock_extract/lib/modules/iommu_test.ko	/home/rebelpilot89/manaus-kernel/out/drivers/misc/mediatek/iommu/iommu_test.ko	5.10.233-android12-9-39248-gdd0980c7e7d6 SMP preempt mod_unload modversions aarch64	5.10.233 SMP preempt mod_unload modversions aarch64	no			yes	9440	142720	15.119	0	1	1
irq-dbg.ko	/home/rebelpilot89/manaus-kernel/Firmware-stock/analysis_modules/stock_extract/lib/modules/irq-dbg.ko	/home/rebelpilot89/manaus-kernel/out/drivers/misc/mediatek/sda/irq-dbg.ko	5.10.233-android12-9-39248-gdd0980c7e7d6 SMP preempt mod_unload modversions aarch64	5.10.233 SMP preempt mod_unload modversions aarch64	no			yes	14464	278680	19.267	9	9	0
isee.ko	/home/rebelpilot89/manaus-kernel/Firmware-stock/analysis_modules/stock_extract/lib/modules/isee.ko	/home/rebelpilot89/manaus-kernel/out/drivers/tee/teei/400/isee.ko	5.10.233-android12-9-39248-gdd0980c7e7d6 SMP preempt mod_unload modversions aarch64	5.10.233 SMP preempt mod_unload modversions aarch64	no	bootprof	bootprof	yes	376888	7591480	20.143	132	136	4
leds-mtk-disp.ko	/home/rebelpilot89/manaus-kernel/Firmware-stock/analysis_modules/stock_extract/lib/modules/leds-mtk-disp.ko	/home/rebelpilot89/manaus-kernel/out/drivers/leds/leds-mtk-disp.ko	5.10.233-android12-9-39248-gdd0980c7e7d6 SMP preempt mod_unload modversions aarch64	5.10.233 SMP preempt mod_unload modversions aarch64	no	leds-mtk,mediatek-drm,mediatek-drm-gateic,mtk_panel_ext	leds-mtk,mtk_panel_ext,mediatek-drm	no	19016	309336	16.267	19	19	0
leds-mtk.ko	/home/rebelpilot89/manaus-kernel/Firmware-stock/analysis_modules/stock_extract/lib/modules/leds-mtk.ko	/home/rebelpilot89/manaus-kernel/out/drivers/leds/leds-mtk.ko	5.10.233-android12-9-39248-gdd0980c7e7d6 SMP preempt mod_unload modversions aarch64	5.10.233 SMP preempt mod_unload modversions aarch64	no			yes	35936	314184	8.743	30	26	-4
leds-mtk-pwm.ko	/home/rebelpilot89/manaus-kernel/Firmware-stock/analysis_modules/stock_extract/lib/modules/leds-mtk-pwm.ko	/home/rebelpilot89/manaus-kernel/out/drivers/leds/leds-mtk-pwm.ko	5.10.233-android12-9-39248-gdd0980c7e7d6 SMP preempt mod_unload modversions aarch64	5.10.233 SMP preempt mod_unload modversions aarch64	no	leds-mtk,mediatek-drm	leds-mtk	no	16536	285672	17.276	14	14	0
load_track.ko	/home/rebelpilot89/manaus-kernel/Firmware-stock/analysis_modules/stock_extract/lib/modules/load_track.ko	/home/rebelpilot89/manaus-kernel/out/drivers/misc/mediatek/performance/load_track/load_track.ko	5.10.233-android12-9-39248-gdd0980c7e7d6 SMP preempt mod_unload modversions aarch64	5.10.233 SMP preempt mod_unload modversions aarch64	no			yes	22328	197312	8.837	23	24	1
log_store.ko	/home/rebelpilot89/manaus-kernel/Firmware-stock/analysis_modules/stock_extract/lib/modules/log_store.ko	/home/rebelpilot89/manaus-kernel/out/drivers/misc/mediatek/log_store/log_store.ko	5.10.233-android12-9-39248-gdd0980c7e7d6 SMP preempt mod_unload modversions aarch64	5.10.233 SMP preempt mod_unload modversions aarch64	no			yes	41216	432320	10.489	40	41	1
mac80211.ko	/home/rebelpilot89/manaus-kernel/Firmware-stock/analysis_modules/stock_extract/lib/modules/mac80211.ko	/home/rebelpilot89/manaus-kernel/out/net/mac80211/mac80211.ko	5.10.233-android12-9-39248-gdd0980c7e7d6 SMP preempt mod_unload modversions aarch64	5.10.233 SMP preempt mod_unload modversions aarch64	no	cfg80211	cfg80211	yes	2096232	64717944	30.873	310	327	17
mcDrvModule.ko	/home/rebelpilot89/manaus-kernel/Firmware-stock/analysis_modules/stock_extract/lib/modules/mcDrvModule.ko	/home/rebelpilot89/manaus-kernel/out/drivers/tee/gud/610/MobiCoreDriver/mcDrvModule.ko	5.10.233-android12-9-39248-gdd0980c7e7d6 SMP preempt mod_unload modversions aarch64	5.10.233 SMP preempt mod_unload modversions aarch64	no			yes	397792	7283792	18.311	135	142	7
mdp_drv_mt6879.ko	/home/rebelpilot89/manaus-kernel/Firmware-stock/analysis_modules/stock_extract/lib/modules/mdp_drv_mt6879.ko	/home/rebelpilot89/manaus-kernel/out/drivers/misc/mediatek/mdp/mdp_drv_mt6879.ko	5.10.233-android12-9-39248-gdd0980c7e7d6 SMP preempt mod_unload modversions aarch64	5.10.233 SMP preempt mod_unload modversions aarch64	no	mtk-icc-core,iommu_debug,mtk-cmdq-drv-ext,mmprofile,cmdq_helper_inf,mtk-smi,mtk-smi-dbg,aee_aed	mtk-icc-core,iommu_debug,mtk-cmdq-drv-ext,mmprofile,cmdq_helper_inf,mtk-smi,mtk-smi-dbg,aee_aed	yes	923456	8079528	8.749	221	226	5
mediatek-cpufreq-hw.ko	/home/rebelpilot89/manaus-kernel/Firmware-stock/analysis_modules/stock_extract/lib/modules/mediatek-cpufreq-hw.ko	/home/rebelpilot89/manaus-kernel/out/drivers/cpufreq/mediatek-cpufreq-hw.ko	5.10.233-android12-9-39248-gdd0980c7e7d6 SMP preempt mod_unload modversions aarch64	5.10.233 SMP preempt mod_unload modversions aarch64	no			yes	28360	328112	11.570	35	39	4
mediatek-drm.ko	/home/rebelpilot89/manaus-kernel/Firmware-stock/analysis_modules/stock_extract/lib/modules/mediatek-drm.ko	/home/rebelpilot89/manaus-kernel/out/drivers/gpu/drm/mediatek/mediatek_v2/mediatek-drm.ko	5.10.233-android12-9-39248-gdd0980c7e7d6 SMP preempt mod_unload modversions aarch64	5.10.233 SMP preempt mod_unload modversions aarch64	no	mtk-cmdq-drv-ext,mmqos-common,mtk-icc-core,cmdq_helper_inf,mmprofile,mtk-mml,mrdump,clk-common,mtk_sync,mtk_disp_notify,mtk_panel_ext,iommu_debug,mtk-smi,mtk_slbc,mtk-smi-dbg,aee_aed,leds-mtk,clkbuf	mtk-cmdq-drv-ext,mmqos-common,mtk-icc-core,mmprofile,mtk-mml,mrdump,mtk_sync,mtk_disp_notify,mtk_panel_ext,iommu_debug,mtk-smi,mtk_slbc,mtk-smi-dbg,aee_aed,leds-mtk,clkbuf	no	5863152	72305912	12.332	491	501	10
meta.ko	/home/rebelpilot89/manaus-kernel/Firmware-stock/analysis_modules/stock_extract/lib/modules/meta.ko	/home/rebelpilot89/manaus-kernel/out/drivers/misc/mediatek/usb_meta/meta.ko	5.10.233-android12-9-39248-gdd0980c7e7d6 SMP preempt mod_unload modversions aarch64	5.10.233 SMP preempt mod_unload modversions aarch64	no	bootprof	bootprof	yes	72168	463808	6.427	71	76	5
mkp.ko	/home/rebelpilot89/manaus-kernel/Firmware-stock/analysis_modules/stock_extract/lib/modules/mkp.ko	/home/rebelpilot89/manaus-kernel/out/drivers/misc/mediatek/mkp/mkp.ko	5.10.233-android12-9-39248-gdd0980c7e7d6 SMP preempt mod_unload modversions aarch64	5.10.233 SMP preempt mod_unload modversions aarch64	no			yes	109336	1008464	9.224	82	81	-1
mmprofile.ko	/home/rebelpilot89/manaus-kernel/Firmware-stock/analysis_modules/stock_extract/lib/modules/mmprofile.ko	/home/rebelpilot89/manaus-kernel/out/drivers/misc/mediatek/mmp/src/mmprofile.ko	5.10.233-android12-9-39248-gdd0980c7e7d6 SMP preempt mod_unload modversions aarch64	5.10.233 SMP preempt mod_unload modversions aarch64	no	aee_aed	aee_aed	yes	145544	763752	5.248	43	47	4
mmqos-common.ko	/home/rebelpilot89/manaus-kernel/Firmware-stock/analysis_modules/stock_extract/lib/modules/mmqos-common.ko	/home/rebelpilot89/manaus-kernel/out/drivers/interconnect/mediatek/mmqos-common.ko	5.10.233-android12-9-39248-gdd0980c7e7d6 SMP preempt mod_unload modversions aarch64	5.10.233 SMP preempt mod_unload modversions aarch64	no	mtk-mmdvfs-debug,mtk-smi,mtk-mmdvfs,mtk-icc-core,mtk_dramc	mtk-mmdvfs-debug,mtk-smi,mtk-mmdvfs,mtk-icc-core,mtk_dramc	yes	56944	758944	13.328	69	74	5
mmqos-mt6879.ko	/home/rebelpilot89/manaus-kernel/Firmware-stock/analysis_modules/stock_extract/lib/modules/mmqos-mt6879.ko	/home/rebelpilot89/manaus-kernel/out/drivers/interconnect/mediatek/mmqos-mt6879.ko	5.10.233-android12-9-39248-gdd0980c7e7d6 SMP preempt mod_unload modversions aarch64	5.10.233 SMP preempt mod_unload modversions aarch64	no	mmqos-common	mmqos-common	yes	35800	301728	8.428	4	5	1
monitor_hang.ko	/home/rebelpilot89/manaus-kernel/Firmware-stock/analysis_modules/stock_extract/lib/modules/monitor_hang.ko	/home/rebelpilot89/manaus-kernel/out/drivers/misc/mediatek/monitor_hang/monitor_hang.ko	5.10.233-android12-9-39248-gdd0980c7e7d6 SMP preempt mod_unload modversions aarch64	5.10.233 SMP preempt mod_unload modversions aarch64	no	mrdump	mrdump	yes	75904	516400	6.803	68	61	-7
moto_chg_tcmd.ko	/home/rebelpilot89/manaus-kernel/Firmware-stock/analysis_modules/stock_extract/lib/modules/moto_chg_tcmd.ko	/home/rebelpilot89/manaus-kernel/out/drivers/power/supply/moto_chg_tcmd.ko	5.10.233-android12-9-39248-gdd0980c7e7d6 SMP preempt mod_unload modversions aarch64	5.10.233 SMP preempt mod_unload modversions aarch64	no			yes	64808	435120	6.714	20	22	2
moto_wlc_alg.ko	/home/rebelpilot89/manaus-kernel/Firmware-stock/analysis_modules/stock_extract/lib/modules/moto_wlc_alg.ko	/home/rebelpilot89/manaus-kernel/out/drivers/power/supply/moto_wlc_alg.ko	5.10.233-android12-9-39248-gdd0980c7e7d6 SMP preempt mod_unload modversions aarch64	5.10.233 SMP preempt mod_unload modversions aarch64	no	charger_class,mtk_charger_algorithm_class,mtk_charger_framework	charger_class,mtk_charger_algorithm_class,mtk_charger_framework	yes	64176	1497224	23.330	46	49	3
mrdump.ko	/home/rebelpilot89/manaus-kernel/Firmware-stock/analysis_modules/stock_extract/lib/modules/mrdump.ko	/home/rebelpilot89/manaus-kernel/out/drivers/misc/mediatek/aee/mrdump/mrdump.ko	5.10.233-android12-9-39248-gdd0980c7e7d6 SMP preempt mod_unload modversions aarch64	5.10.233 SMP preempt mod_unload modversions aarch64	no			yes	340360	1839104	5.403	92	102	10
mt6315-regulator.ko	/home/rebelpilot89/manaus-kernel/Firmware-stock/analysis_modules/stock_extract/lib/modules/mt6315-regulator.ko	/home/rebelpilot89/manaus-kernel/out/drivers/regulator/mt6315-regulator.ko	5.10.233-android12-9-39248-gdd0980c7e7d6 SMP preempt mod_unload modversions aarch64	5.10.233 SMP preempt mod_unload modversions aarch64	no			yes	24608	394568	16.034	22	24	2
mt6363-regulator.ko	/home/rebelpilot89/manaus-kernel/Firmware-stock/analysis_modules/stock_extract/lib/modules/mt6363-regulator.ko	/home/rebelpilot89/manaus-kernel/out/drivers/regulator/mt6363-regulator.ko	5.10.233-android12-9-39248-gdd0980c7e7d6 SMP preempt mod_unload modversions aarch64	5.10.233 SMP preempt mod_unload modversions aarch64	no			yes	52440	420352	8.016	34	34	0
mt6368-regulator.ko	/home/rebelpilot89/manaus-kernel/Firmware-stock/analysis_modules/stock_extract/lib/modules/mt6368-regulator.ko	/home/rebelpilot89/manaus-kernel/out/drivers/regulator/mt6368-regulator.ko	5.10.233-android12-9-39248-gdd0980c7e7d6 SMP preempt mod_unload modversions aarch64	5.10.233 SMP preempt mod_unload modversions aarch64	no			yes	42088	406160	9.650	35	35	0
mt6375-adc.ko	/home/rebelpilot89/manaus-kernel/Firmware-stock/analysis_modules/stock_extract/lib/modules/mt6375-adc.ko	/home/rebelpilot89/manaus-kernel/out/drivers/iio/adc/mt6375-adc.ko	5.10.233-android12-9-39248-gdd0980c7e7d6 SMP preempt mod_unload modversions aarch64	5.10.233 SMP preempt mod_unload modversions aarch64	no	industrialio-triggered-buffer		no	21944	301504	13.740	26	28	2
mt6375-auxadc.ko	/home/rebelpilot89/manaus-kernel/Firmware-stock/analysis_modules/stock_extract/lib/modules/mt6375-auxadc.ko	/home/rebelpilot89/manaus-kernel/out/drivers/iio/adc/mt6375-auxadc.ko	5.10.233-android12-9-39248-gdd0980c7e7d6 SMP preempt mod_unload modversions aarch64	5.10.233 SMP preempt mod_unload modversions aarch64	no			yes	42440	472064	11.123	64	67	3
mt6375-battery.ko	/home/rebelpilot89/manaus-kernel/Firmware-stock/analysis_modules/stock_extract/lib/modules/mt6375-battery.ko	/home/rebelpilot89/manaus-kernel/out/drivers/power/supply/mt6375-battery.ko	5.10.233-android12-9-39248-gdd0980c7e7d6 SMP preempt mod_unload modversions aarch64	5.10.233 SMP preempt mod_unload modversions aarch64	no	pmic_lbat_service,moto_chg_tcmd,mtk_charger_framework	pmic_lbat_service,moto_chg_tcmd,mtk_charger_framework	yes	734448	5456384	7.429	133	137	4
mt6375-charger.ko	/home/rebelpilot89/manaus-kernel/Firmware-stock/analysis_modules/stock_extract/lib/modules/mt6375-charger.ko	/home/rebelpilot89/manaus-kernel/out/drivers/power/supply/mt6375-charger.ko	5.10.233-android12-9-39248-gdd0980c7e7d6 SMP preempt mod_unload modversions aarch64	5.10.233 SMP preempt mod_unload modversions aarch64	no	charger_class	charger_class	yes	115160	861080	7.477	83	82	-1
mt6375.ko	/home/rebelpilot89/manaus-kernel/Firmware-stock/analysis_modules/stock_extract/lib/modules/mt6375.ko	/home/rebelpilot89/manaus-kernel/out/drivers/mfd/mt6375.ko	5.10.233-android12-9-39248-gdd0980c7e7d6 SMP preempt mod_unload modversions aarch64	5.10.233 SMP preempt mod_unload modversions aarch64	no			yes	28016	339448	12.116	38	39	1
mt6685-audclk.ko	/home/rebelpilot89/manaus-kernel/Firmware-stock/analysis_modules/stock_extract/lib/modules/mt6685-audclk.ko	/home/rebelpilot89/manaus-kernel/out/drivers/mfd/mt6685-audclk.ko	5.10.233-android12-9-39248-gdd0980c7e7d6 SMP preempt mod_unload modversions aarch64	5.10.233 SMP preempt mod_unload modversions aarch64	no			yes	14496	267832	18.476	8	9	1
mt6685-core.ko	/home/rebelpilot89/manaus-kernel/Firmware-stock/analysis_modules/stock_extract/lib/modules/mt6685-core.ko	/home/rebelpilot89/manaus-kernel/out/drivers/mfd/mt6685-core.ko	5.10.233-android12-9-39248-gdd0980c7e7d6 SMP preempt mod_unload modversions aarch64	5.10.233 SMP preempt mod_unload modversions aarch64	no	regmap-spmi	regmap-spmi	yes	14064	271824	19.328	5	6	1
mt6879_dcm.ko	/home/rebelpilot89/manaus-kernel/Firmware-stock/analysis_modules/stock_extract/lib/modules/mt6879_dcm.ko	/home/rebelpilot89/manaus-kernel/out/drivers/misc/mediatek/dcm/mt6879_dcm.ko	5.10.233-android12-9-39248-gdd0980c7e7d6 SMP preempt mod_unload modversions aarch64	5.10.233 SMP preempt mod_unload modversions aarch64	no	mtk_dcm	mtk_dcm	yes	120784	625400	5.178	12	13	1
mtk_battery_oc_throttling.ko	/home/rebelpilot89/manaus-kernel/Firmware-stock/analysis_modules/stock_extract/lib/modules/mtk_battery_oc_throttling.ko	/home/rebelpilot89/manaus-kernel/out/drivers/misc/mediatek/power_throttling/mtk_battery_oc_throttling.ko	5.10.233-android12-9-39248-gdd0980c7e7d6 SMP preempt mod_unload modversions aarch64	5.10.233 SMP preempt mod_unload modversions aarch64	no			yes	35760	341384	9.547	35	39	4
mtk_charger_algorithm_class.ko	/home/rebelpilot89/manaus-kernel/Firmware-stock/analysis_modules/stock_extract/lib/modules/mtk_charger_algorithm_class.ko	/home/rebelpilot89/manaus-kernel/out/drivers/power/supply/mtk_charger_algorithm_class.ko	5.10.233-android12-9-39248-gdd0980c7e7d6 SMP preempt mod_unload modversions aarch64	5.10.233 SMP preempt mod_unload modversions aarch64	no			yes	30232	303128	10.027	19	21	2
mtk_charger_framework.ko	/home/rebelpilot89/manaus-kernel/Firmware-stock/analysis_modules/stock_extract/lib/modules/mtk_charger_framework.ko	/home/rebelpilot89/manaus-kernel/out/drivers/power/supply/mtk_charger_framework.ko	5.10.233-android12-9-39248-gdd0980c7e7d6 SMP preempt mod_unload modversions aarch64	5.10.233 SMP preempt mod_unload modversions aarch64	no	charger_class,mtk_charger_algorithm_class,tcpc_class,moto_chg_tcmd,adapter_class,monitor_hang	charger_class,mtk_charger_algorithm_class,moto_chg_tcmd,adapter_class	no	317616	4555944	14.344	155	154	-1
mtk_chg_type_det.ko	/home/rebelpilot89/manaus-kernel/Firmware-stock/analysis_modules/stock_extract/lib/modules/mtk_chg_type_det.ko	/home/rebelpilot89/manaus-kernel/out/drivers/power/supply/mtk_chg_type_det.ko	5.10.233-android12-9-39248-gdd0980c7e7d6 SMP preempt mod_unload modversions aarch64	5.10.233 SMP preempt mod_unload modversions aarch64	no	tcpc_class	tcpc_class	yes	31928	600536	18.809	41	41	0
mtk-cmdq-drv-ext.ko	/home/rebelpilot89/manaus-kernel/Firmware-stock/analysis_modules/stock_extract/lib/modules/mtk-cmdq-drv-ext.ko	/home/rebelpilot89/manaus-kernel/out/drivers/misc/mediatek/cmdq/mailbox/mtk-cmdq-drv-ext.ko	5.10.233-android12-9-39248-gdd0980c7e7d6 SMP preempt mod_unload modversions aarch64	5.10.233 SMP preempt mod_unload modversions aarch64	no	device-apc-common,mtk-smi-dbg,vcp_status,aee_aed,mmprofile,iommu_debug,irq-dbg	vcp_status,aee_aed,device-apc-common,mtk-smi-dbg,mmprofile,iommu_debug,irq-dbg	no	448064	2839048	6.336	138	140	2
mtk-cqdma.ko	/home/rebelpilot89/manaus-kernel/Firmware-stock/analysis_modules/stock_extract/lib/modules/mtk-cqdma.ko	/home/rebelpilot89/manaus-kernel/out/drivers/dma/mediatek/mtk-cqdma.ko	5.10.233-android12-9-39248-gdd0980c7e7d6 SMP preempt mod_unload modversions aarch64	5.10.233 SMP preempt mod_unload modversions aarch64	no			yes	51416	488040	9.492	64	66	2
mtk_dcm.ko	/home/rebelpilot89/manaus-kernel/Firmware-stock/analysis_modules/stock_extract/lib/modules/mtk_dcm.ko	/home/rebelpilot89/manaus-kernel/out/drivers/misc/mediatek/dcm/mtk_dcm.ko	5.10.233-android12-9-39248-gdd0980c7e7d6 SMP preempt mod_unload modversions aarch64	5.10.233 SMP preempt mod_unload modversions aarch64	no			yes	27920	278296	9.968	10	10	0
mtk_disp_notify.ko	/home/rebelpilot89/manaus-kernel/Firmware-stock/analysis_modules/stock_extract/lib/modules/mtk_disp_notify.ko	/home/rebelpilot89/manaus-kernel/out/drivers/gpu/drm/mediatek/mediatek_v2/mtk_disp_notify.ko	5.10.233-android12-9-39248-gdd0980c7e7d6 SMP preempt mod_unload modversions aarch64	5.10.233 SMP preempt mod_unload modversions aarch64	no			yes	15272	150264	9.839	4	5	1
mtk_dramc.ko	/home/rebelpilot89/manaus-kernel/Firmware-stock/analysis_modules/stock_extract/lib/modules/mtk_dramc.ko	/home/rebelpilot89/manaus-kernel/out/drivers/memory/mediatek/mtk_dramc.ko	5.10.233-android12-9-39248-gdd0980c7e7d6 SMP preempt mod_unload modversions aarch64	5.10.233 SMP preempt mod_unload modversions aarch64	no			yes	48680	394192	8.098	22	21	-1
mtk-dvfsrc-devfreq.ko	/home/rebelpilot89/manaus-kernel/Firmware-stock/analysis_modules/stock_extract/lib/modules/mtk-dvfsrc-devfreq.ko	/home/rebelpilot89/manaus-kernel/out/drivers/devfreq/mtk-dvfsrc-devfreq.ko	5.10.233-android12-9-39248-gdd0980c7e7d6 SMP preempt mod_unload modversions aarch64	5.10.233 SMP preempt mod_unload modversions aarch64	no	mtk-dvfsrc	mtk-dvfsrc	yes	16208	284784	17.571	17	18	1
mtk-dvfsrc-helper.ko	/home/rebelpilot89/manaus-kernel/Firmware-stock/analysis_modules/stock_extract/lib/modules/mtk-dvfsrc-helper.ko	/home/rebelpilot89/manaus-kernel/out/drivers/misc/mediatek/dvfsrc/mtk-dvfsrc-helper.ko	5.10.233-android12-9-39248-gdd0980c7e7d6 SMP preempt mod_unload modversions aarch64	5.10.233 SMP preempt mod_unload modversions aarch64	no	mtk-dvfsrc,aee_aed,mtk_dramc	mtk-dvfsrc,aee_aed,mtk_dramc	yes	220000	1326352	6.029	44	47	3
mtk-dvfsrc.ko	/home/rebelpilot89/manaus-kernel/Firmware-stock/analysis_modules/stock_extract/lib/modules/mtk-dvfsrc.ko	/home/rebelpilot89/manaus-kernel/out/drivers/soc/mediatek/mtk-dvfsrc.ko	5.10.233-android12-9-39248-gdd0980c7e7d6 SMP preempt mod_unload modversions aarch64	5.10.233 SMP preempt mod_unload modversions aarch64	no	mtk-scpsys	mtk-scpsys	yes	117040	498096	4.256	54	44	-10
mtk-dvfsrc-regulator.ko	/home/rebelpilot89/manaus-kernel/Firmware-stock/analysis_modules/stock_extract/lib/modules/mtk-dvfsrc-regulator.ko	/home/rebelpilot89/manaus-kernel/out/drivers/regulator/mtk-dvfsrc-regulator.ko	5.10.233-android12-9-39248-gdd0980c7e7d6 SMP preempt mod_unload modversions aarch64	5.10.233 SMP preempt mod_unload modversions aarch64	no	mtk-dvfsrc	mtk-dvfsrc	yes	33080	431680	13.050	17	33	16
mtk_dynamic_loading_throttling.ko	/home/rebelpilot89/manaus-kernel/Firmware-stock/analysis_modules/stock_extract/lib/modules/mtk_dynamic_loading_throttling.ko	/home/rebelpilot89/manaus-kernel/out/drivers/misc/mediatek/power_throttling/mtk_dynamic_loading_throttling.ko	5.10.233-android12-9-39248-gdd0980c7e7d6 SMP preempt mod_unload modversions aarch64	5.10.233 SMP preempt mod_unload modversions aarch64	no	mtk_low_battery_throttling	mtk_low_battery_throttling	yes	35264	417632	11.843	42	45	3
mtk-emi.ko	/home/rebelpilot89/manaus-kernel/Firmware-stock/analysis_modules/stock_extract/lib/modules/mtk-emi.ko	/home/rebelpilot89/manaus-kernel/out/drivers/interconnect/mediatek/mtk-emi.ko	5.10.233-android12-9-39248-gdd0980c7e7d6 SMP preempt mod_unload modversions aarch64	5.10.233 SMP preempt mod_unload modversions aarch64	no	mtk-dvfsrc	mtk-dvfsrc	yes	37328	408504	10.944	21	39	18
mtk-icc-core.ko	/home/rebelpilot89/manaus-kernel/Firmware-stock/analysis_modules/stock_extract/lib/modules/mtk-icc-core.ko	/home/rebelpilot89/manaus-kernel/out/drivers/misc/mediatek/mtk-interconnect/mtk-icc-core.ko	5.10.233-android12-9-39248-gdd0980c7e7d6 SMP preempt mod_unload modversions aarch64	5.10.233 SMP preempt mod_unload modversions aarch64	no			yes	60320	466832	7.739	52	59	7
mtk_iommu.ko	/home/rebelpilot89/manaus-kernel/Firmware-stock/analysis_modules/stock_extract/lib/modules/mtk_iommu.ko	/home/rebelpilot89/manaus-kernel/out/drivers/iommu/mtk_iommu.ko	5.10.233-android12-9-39248-gdd0980c7e7d6 SMP preempt mod_unload modversions aarch64	5.10.233 SMP preempt mod_unload modversions aarch64	no	iommu_secure,iommu_debug,mtk-smi-dbg	iommu_secure,iommu_debug,mtk-smi-dbg	yes	184936	821704	4.443	111	115	4
mtk-kpd.ko	/home/rebelpilot89/manaus-kernel/Firmware-stock/analysis_modules/stock_extract/lib/modules/mtk-kpd.ko	/home/rebelpilot89/manaus-kernel/out/drivers/input/keyboard/mtk-kpd.ko	5.10.233-android12-9-39248-gdd0980c7e7d6 SMP preempt mod_unload modversions aarch64	5.10.233 SMP preempt mod_unload modversions aarch64	no			yes	25944	336992	12.989	37	39	2
mtk_low_battery_throttling.ko	/home/rebelpilot89/manaus-kernel/Firmware-stock/analysis_modules/stock_extract/lib/modules/mtk_low_battery_throttling.ko	/home/rebelpilot89/manaus-kernel/out/drivers/misc/mediatek/power_throttling/mtk_low_battery_throttling.ko	5.10.233-android12-9-39248-gdd0980c7e7d6 SMP preempt mod_unload modversions aarch64	5.10.233 SMP preempt mod_unload modversions aarch64	no	pmic_lbat_service	pmic_lbat_service	yes	22224	294904	13.270	14	15	1
mtk-mbox-mailbox.ko	/home/rebelpilot89/manaus-kernel/Firmware-stock/analysis_modules/stock_extract/lib/modules/mtk-mbox-mailbox.ko	/home/rebelpilot89/manaus-kernel/out/drivers/mailbox/mtk-mbox-mailbox.ko	5.10.233-android12-9-39248-gdd0980c7e7d6 SMP preempt mod_unload modversions aarch64	5.10.233 SMP preempt mod_unload modversions aarch64	no			yes	20992	304456	14.503	25	26	1
mtk_mdpm.ko	/home/rebelpilot89/manaus-kernel/Firmware-stock/analysis_modules/stock_extract/lib/modules/mtk_mdpm.ko	/home/rebelpilot89/manaus-kernel/out/drivers/misc/mediatek/mdpm/mtk_mdpm.ko	5.10.233-android12-9-39248-gdd0980c7e7d6 SMP preempt mod_unload modversions aarch64	5.10.233 SMP preempt mod_unload modversions aarch64	no			yes	106000	431768	4.073	29	31	2
mtk-mmc-autok.ko	/home/rebelpilot89/manaus-kernel/Firmware-stock/analysis_modules/stock_extract/lib/modules/mtk-mmc-autok.ko	/home/rebelpilot89/manaus-kernel/out/drivers/mmc/host/mtk-mmc-autok.ko	5.10.233-android12-9-39248-gdd0980c7e7d6 SMP preempt mod_unload modversions aarch64	5.10.233 SMP preempt mod_unload modversions aarch64	no			yes	240280	1588360	6.610	16	20	4
mtk-mmc-dbg.ko	/home/rebelpilot89/manaus-kernel/Firmware-stock/analysis_modules/stock_extract/lib/modules/mtk-mmc-dbg.ko	/home/rebelpilot89/manaus-kernel/out/drivers/mmc/host/mtk-mmc-dbg.ko	5.10.233-android12-9-39248-gdd0980c7e7d6 SMP preempt mod_unload modversions aarch64	5.10.233 SMP preempt mod_unload modversions aarch64	no	mrdump,blocktag,pinctrl-mtk-common-v2_debug	mrdump,blocktag	no	69856	572656	8.198	44	47	3
mtk-mmc.ko	/home/rebelpilot89/manaus-kernel/Firmware-stock/analysis_modules/stock_extract/lib/modules/mtk-mmc.ko	/home/rebelpilot89/manaus-kernel/out/drivers/mmc/host/mtk-mmc.ko	5.10.233-android12-9-39248-gdd0980c7e7d6 SMP preempt mod_unload modversions aarch64	5.10.233 SMP preempt mod_unload modversions aarch64	no	blocktag,cqhci,mtk-mmc-dbg,mtk-mmc-autok,mtk-dvfsrc,rpmb-mtk	blocktag,cqhci,mtk-mmc-dbg,mtk-mmc-autok,mtk-dvfsrc,rpmb-mtk	yes	206880	1036840	5.012	134	124	-10
mtk-mmdvfs-debug.ko	/home/rebelpilot89/manaus-kernel/Firmware-stock/analysis_modules/stock_extract/lib/modules/mtk-mmdvfs-debug.ko	/home/rebelpilot89/manaus-kernel/out/drivers/misc/mediatek/mmdvfs/mtk-mmdvfs-debug.ko	5.10.233-android12-9-39248-gdd0980c7e7d6 SMP preempt mod_unload modversions aarch64	5.10.233 SMP preempt mod_unload modversions aarch64	no			yes	16152	347880	21.538	10	10	0
mtk-mmdvfs.ko	/home/rebelpilot89/manaus-kernel/Firmware-stock/analysis_modules/stock_extract/lib/modules/mtk-mmdvfs.ko	/home/rebelpilot89/manaus-kernel/out/drivers/soc/mediatek/mtk-mmdvfs.ko	5.10.233-android12-9-39248-gdd0980c7e7d6 SMP preempt mod_unload modversions aarch64	5.10.233 SMP preempt mod_unload modversions aarch64	no	mtk-smi-dbg,mmprofile	mtk-smi-dbg,mmprofile	yes	36952	407056	11.016	42	44	2
mtk_mm_heap.ko	/home/rebelpilot89/manaus-kernel/Firmware-stock/analysis_modules/stock_extract/lib/modules/mtk_mm_heap.ko	/home/rebelpilot89/manaus-kernel/out/drivers/dma-buf/heaps/mtk_mm_heap.ko	5.10.233-android12-9-39248-gdd0980c7e7d6 SMP preempt mod_unload modversions aarch64	5.10.233 SMP preempt mod_unload modversions aarch64	no			yes	9272	142400	15.358	1	2	1
mtk-mminfra-debug.ko	/home/rebelpilot89/manaus-kernel/Firmware-stock/analysis_modules/stock_extract/lib/modules/mtk-mminfra-debug.ko	/home/rebelpilot89/manaus-kernel/out/drivers/misc/mediatek/mminfra/mtk-mminfra-debug.ko	5.10.233-android12-9-39248-gdd0980c7e7d6 SMP preempt mod_unload modversions aarch64	5.10.233 SMP preempt mod_unload modversions aarch64	no	tinysys-scmi,mtk-cmdq-drv-ext,mtk-smi-dbg,aee_aed,device-apc-common	tinysys-scmi,mtk-cmdq-drv-ext,mtk-smi-dbg,aee_aed,device-apc-common	yes	40520	390176	9.629	48	51	3
mtk-mml.ko	/home/rebelpilot89/manaus-kernel/Firmware-stock/analysis_modules/stock_extract/lib/modules/mtk-mml.ko	/home/rebelpilot89/manaus-kernel/out/drivers/gpu/drm/mediatek/mml/mtk-mml.ko	5.10.233-android12-9-39248-gdd0980c7e7d6 SMP preempt mod_unload modversions aarch64	5.10.233 SMP preempt mod_unload modversions aarch64	no	mmprofile,mtk-cmdq-drv-ext,system_heap,mtk_sync,mtk_slbc,mtk-icc-core,mtk-smi	mmprofile,mtk-cmdq-drv-ext,system_heap,mtk_sync,mtk_slbc,mtk-icc-core,mtk-smi	yes	926776	18542584	20.008	212	220	8
mtk-mml-mt6879.ko	/home/rebelpilot89/manaus-kernel/Firmware-stock/analysis_modules/stock_extract/lib/modules/mtk-mml-mt6879.ko	/home/rebelpilot89/manaus-kernel/out/drivers/gpu/drm/mediatek/mml/mtk-mml-mt6879.ko	5.10.233-android12-9-39248-gdd0980c7e7d6 SMP preempt mod_unload modversions aarch64	5.10.233 SMP preempt mod_unload modversions aarch64	no	mtk-mml,mtk-cmdq-drv-ext	mtk-mml,mtk-cmdq-drv-ext	yes	19336	361504	18.696	11	13	2
mtk_panel_ext.ko	/home/rebelpilot89/manaus-kernel/Firmware-stock/analysis_modules/stock_extract/lib/modules/mtk_panel_ext.ko	/home/rebelpilot89/manaus-kernel/out/drivers/gpu/drm/mediatek/mediatek_v2/mtk_panel_ext.ko	5.10.233-android12-9-39248-gdd0980c7e7d6 SMP preempt mod_unload modversions aarch64	5.10.233 SMP preempt mod_unload modversions aarch64	no			yes	20944	368648	17.602	6	7	1
mtk_pbm.ko	/home/rebelpilot89/manaus-kernel/Firmware-stock/analysis_modules/stock_extract/lib/modules/mtk_pbm.ko	/home/rebelpilot89/manaus-kernel/out/drivers/misc/mediatek/pbm/mtk_pbm.ko	5.10.233-android12-9-39248-gdd0980c7e7d6 SMP preempt mod_unload modversions aarch64	5.10.233 SMP preempt mod_unload modversions aarch64	no	mtk_mdpm,mtk_dynamic_loading_throttling	mtk_mdpm,mtk_dynamic_loading_throttling	yes	57768	520272	9.006	62	64	2
mtk_pd_adapter.ko	/home/rebelpilot89/manaus-kernel/Firmware-stock/analysis_modules/stock_extract/lib/modules/mtk_pd_adapter.ko	/home/rebelpilot89/manaus-kernel/out/drivers/power/supply/mtk_pd_adapter.ko	5.10.233-android12-9-39248-gdd0980c7e7d6 SMP preempt mod_unload modversions aarch64	5.10.233 SMP preempt mod_unload modversions aarch64	no	tcpc_class,adapter_class	tcpc_class,adapter_class	yes	37400	434120	11.607	36	27	-9
mtk_pd_charging.ko	/home/rebelpilot89/manaus-kernel/Firmware-stock/analysis_modules/stock_extract/lib/modules/mtk_pd_charging.ko	/home/rebelpilot89/manaus-kernel/out/drivers/power/supply/mtk_pd_charging.ko	5.10.233-android12-9-39248-gdd0980c7e7d6 SMP preempt mod_unload modversions aarch64	5.10.233 SMP preempt mod_unload modversions aarch64	no	charger_class,adapter_class,mtk_charger_framework,mtk_charger_algorithm_class	charger_class,adapter_class,mtk_charger_framework,mtk_charger_algorithm_class	yes	74176	1455584	19.623	41	44	3
mtk_pep20.ko	/home/rebelpilot89/manaus-kernel/Firmware-stock/analysis_modules/stock_extract/lib/modules/mtk_pep20.ko	/home/rebelpilot89/manaus-kernel/out/drivers/power/supply/mtk_pep20.ko	5.10.233-android12-9-39248-gdd0980c7e7d6 SMP preempt mod_unload modversions aarch64	5.10.233 SMP preempt mod_unload modversions aarch64	no	charger_class,mtk_charger_framework,mtk_charger_algorithm_class	charger_class,mtk_charger_framework,mtk_charger_algorithm_class	yes	81848	1444896	17.653	45	48	3
mtk_pep40.ko	/home/rebelpilot89/manaus-kernel/Firmware-stock/analysis_modules/stock_extract/lib/modules/mtk_pep40.ko	/home/rebelpilot89/manaus-kernel/out/drivers/power/supply/mtk_pep40.ko	5.10.233-android12-9-39248-gdd0980c7e7d6 SMP preempt mod_unload modversions aarch64	5.10.233 SMP preempt mod_unload modversions aarch64	no	charger_class,adapter_class,mtk_charger_framework,mtk_charger_algorithm_class	charger_class,adapter_class,mtk_charger_framework,mtk_charger_algorithm_class	yes	102256	1598752	15.635	54	58	4
mtk_pep50.ko	/home/rebelpilot89/manaus-kernel/Firmware-stock/analysis_modules/stock_extract/lib/modules/mtk_pep50.ko	/home/rebelpilot89/manaus-kernel/out/drivers/power/supply/mtk_pep50.ko	5.10.233-android12-9-39248-gdd0980c7e7d6 SMP preempt mod_unload modversions aarch64	5.10.233 SMP preempt mod_unload modversions aarch64	no	charger_class,adapter_class,mtk_charger_framework,mtk_charger_algorithm_class	charger_class,adapter_class,mtk_charger_framework,mtk_charger_algorithm_class	yes	185208	1800992	9.724	81	83	2
mtk_pep.ko	/home/rebelpilot89/manaus-kernel/Firmware-stock/analysis_modules/stock_extract/lib/modules/mtk_pep.ko	/home/rebelpilot89/manaus-kernel/out/drivers/power/supply/mtk_pep.ko	5.10.233-android12-9-39248-gdd0980c7e7d6 SMP preempt mod_unload modversions aarch64	5.10.233 SMP preempt mod_unload modversions aarch64	no	charger_class,mtk_charger_framework,mtk_charger_algorithm_class	charger_class,mtk_charger_framework,mtk_charger_algorithm_class	yes	56696	1357896	23.950	32	35	3
mtk-pm-domain-disable-unused.ko	/home/rebelpilot89/manaus-kernel/Firmware-stock/analysis_modules/stock_extract/lib/modules/mtk-pm-domain-disable-unused.ko	/home/rebelpilot89/manaus-kernel/out/drivers/soc/mediatek/mtk-pm-domain-disable-unused.ko	5.10.233-android12-9-39248-gdd0980c7e7d6 SMP preempt mod_unload modversions aarch64	5.10.233 SMP preempt mod_unload modversions aarch64	no			yes	11856	262184	22.114	3	4	1
mtk-pmic-keys.ko	/home/rebelpilot89/manaus-kernel/Firmware-stock/analysis_modules/stock_extract/lib/modules/mtk-pmic-keys.ko	/home/rebelpilot89/manaus-kernel/out/drivers/input/keyboard/mtk-pmic-keys.ko	5.10.233-android12-9-39248-gdd0980c7e7d6 SMP preempt mod_unload modversions aarch64	5.10.233 SMP preempt mod_unload modversions aarch64	no			yes	23544	310520	13.189	25	29	4
mtk-pmic-wrap.ko	/home/rebelpilot89/manaus-kernel/Firmware-stock/analysis_modules/stock_extract/lib/modules/mtk-pmic-wrap.ko	/home/rebelpilot89/manaus-kernel/out/drivers/soc/mediatek/mtk-pmic-wrap.ko	5.10.233-android12-9-39248-gdd0980c7e7d6 SMP preempt mod_unload modversions aarch64	5.10.233 SMP preempt mod_unload modversions aarch64	no			yes	115744	584992	5.054	33	34	1
mtk_printk_ctrl.ko	/home/rebelpilot89/manaus-kernel/Firmware-stock/analysis_modules/stock_extract/lib/modules/mtk_printk_ctrl.ko	/home/rebelpilot89/manaus-kernel/out/drivers/misc/mediatek/mtprintk/mtk_printk_ctrl.ko	5.10.233-android12-9-39248-gdd0980c7e7d6 SMP preempt mod_unload modversions aarch64	5.10.233 SMP preempt mod_unload modversions aarch64	no			yes	27104	289888	10.695	26	25	-1
mtk-scpsys-bringup.ko	/home/rebelpilot89/manaus-kernel/Firmware-stock/analysis_modules/stock_extract/lib/modules/mtk-scpsys-bringup.ko	/home/rebelpilot89/manaus-kernel/out/drivers/soc/mediatek/mtk-scpsys-bringup.ko	5.10.233-android12-9-39248-gdd0980c7e7d6 SMP preempt mod_unload modversions aarch64	5.10.233 SMP preempt mod_unload modversions aarch64	no			yes	14680	269640	18.368	12	12	0
mtk-scpsys.ko	/home/rebelpilot89/manaus-kernel/Firmware-stock/analysis_modules/stock_extract/lib/modules/mtk-scpsys.ko	/home/rebelpilot89/manaus-kernel/out/drivers/soc/mediatek/mtk-scpsys.ko	5.10.233-android12-9-39248-gdd0980c7e7d6 SMP preempt mod_unload modversions aarch64	5.10.233 SMP preempt mod_unload modversions aarch64	no			yes	133832	634568	4.742	48	49	1
mtk-scpsys-mt6879.ko	/home/rebelpilot89/manaus-kernel/Firmware-stock/analysis_modules/stock_extract/lib/modules/mtk-scpsys-mt6879.ko	/home/rebelpilot89/manaus-kernel/out/drivers/soc/mediatek/mtk-scpsys-mt6879.ko	5.10.233-android12-9-39248-gdd0980c7e7d6 SMP preempt mod_unload modversions aarch64	5.10.233 SMP preempt mod_unload modversions aarch64	no	mtk-scpsys	mtk-scpsys	yes	27840	364216	13.082	7	8	1
mtk_slbc.ko	/home/rebelpilot89/manaus-kernel/Firmware-stock/analysis_modules/stock_extract/lib/modules/mtk_slbc.ko	/home/rebelpilot89/manaus-kernel/out/drivers/misc/mediatek/slbc/mtk_slbc.ko	5.10.233-android12-9-39248-gdd0980c7e7d6 SMP preempt mod_unload modversions aarch64	5.10.233 SMP preempt mod_unload modversions aarch64	no			yes	22216	166784	7.507	1	2	1
mtk-smi-dbg.ko	/home/rebelpilot89/manaus-kernel/Firmware-stock/analysis_modules/stock_extract/lib/modules/mtk-smi-dbg.ko	/home/rebelpilot89/manaus-kernel/out/drivers/misc/mediatek/smi/mtk-smi-dbg.ko	5.10.233-android12-9-39248-gdd0980c7e7d6 SMP preempt mod_unload modversions aarch64	5.10.233 SMP preempt mod_unload modversions aarch64	no	mtk-smi,emi	mtk-smi,emi	yes	54240	421640	7.774	40	44	4
mtk-smi.ko	/home/rebelpilot89/manaus-kernel/Firmware-stock/analysis_modules/stock_extract/lib/modules/mtk-smi.ko	/home/rebelpilot89/manaus-kernel/out/drivers/memory/mtk-smi.ko	5.10.233-android12-9-39248-gdd0980c7e7d6 SMP preempt mod_unload modversions aarch64	5.10.233 SMP preempt mod_unload modversions aarch64	no	aee_aed	aee_aed	yes	220520	576720	2.615	54	56	2
mtk-socinfo.ko	/home/rebelpilot89/manaus-kernel/Firmware-stock/analysis_modules/stock_extract/lib/modules/mtk-socinfo.ko	/home/rebelpilot89/manaus-kernel/out/drivers/soc/mediatek/mtk-socinfo.ko	5.10.233-android12-9-39248-gdd0980c7e7d6 SMP preempt mod_unload modversions aarch64	5.10.233 SMP preempt mod_unload modversions aarch64	no			yes	11888	262880	22.113	8	10	2
mtk-spmi-pmic-adc.ko	/home/rebelpilot89/manaus-kernel/Firmware-stock/analysis_modules/stock_extract/lib/modules/mtk-spmi-pmic-adc.ko	/home/rebelpilot89/manaus-kernel/out/drivers/iio/adc/mtk-spmi-pmic-adc.ko	5.10.233-android12-9-39248-gdd0980c7e7d6 SMP preempt mod_unload modversions aarch64	5.10.233 SMP preempt mod_unload modversions aarch64	no			yes	29944	419968	14.025	31	34	3
mtk-spmi-pmic.ko	/home/rebelpilot89/manaus-kernel/Firmware-stock/analysis_modules/stock_extract/lib/modules/mtk-spmi-pmic.ko	/home/rebelpilot89/manaus-kernel/out/drivers/mfd/mtk-spmi-pmic.ko	5.10.233-android12-9-39248-gdd0980c7e7d6 SMP preempt mod_unload modversions aarch64	5.10.233 SMP preempt mod_unload modversions aarch64	no	regmap-spmi	regmap-spmi	yes	42488	341736	8.043	30	32	2
mtk-swpm-perf-arm-pmu.ko	/home/rebelpilot89/manaus-kernel/Firmware-stock/analysis_modules/stock_extract/lib/modules/mtk-swpm-perf-arm-pmu.ko	/home/rebelpilot89/manaus-kernel/out/drivers/misc/mediatek/swpm/mtk-swpm-perf-arm-pmu.ko	5.10.233-android12-9-39248-gdd0980c7e7d6 SMP preempt mod_unload modversions aarch64	5.10.233 SMP preempt mod_unload modversions aarch64	no			yes	22832	340344	14.906	12	13	1
mtk_sync.ko	/home/rebelpilot89/manaus-kernel/Firmware-stock/analysis_modules/stock_extract/lib/modules/mtk_sync.ko	/home/rebelpilot89/manaus-kernel/out/drivers/gpu/drm/mediatek/mediatek_v2/mtk_sync.ko	5.10.233-android12-9-39248-gdd0980c7e7d6 SMP preempt mod_unload modversions aarch64	5.10.233 SMP preempt mod_unload modversions aarch64	no			yes	23920	310488	12.980	28	31	3
mtk-uart-apdma.ko	/home/rebelpilot89/manaus-kernel/Firmware-stock/analysis_modules/stock_extract/lib/modules/mtk-uart-apdma.ko	/home/rebelpilot89/manaus-kernel/out/drivers/dma/mediatek/mtk-uart-apdma.ko	5.10.233-android12-9-39248-gdd0980c7e7d6 SMP preempt mod_unload modversions aarch64	5.10.233 SMP preempt mod_unload modversions aarch64	no			yes	55760	495216	8.881	58	60	2
mtk-vmm-spm.ko	/home/rebelpilot89/manaus-kernel/Firmware-stock/analysis_modules/stock_extract/lib/modules/mtk-vmm-spm.ko	/home/rebelpilot89/manaus-kernel/out/drivers/misc/mediatek/vmm_spm/mtk-vmm-spm.ko	5.10.233-android12-9-39248-gdd0980c7e7d6 SMP preempt mod_unload modversions aarch64	5.10.233 SMP preempt mod_unload modversions aarch64	no			yes	32704	390832	11.951	17	17	0
mtk_wdt.ko	/home/rebelpilot89/manaus-kernel/Firmware-stock/analysis_modules/stock_extract/lib/modules/mtk_wdt.ko	/home/rebelpilot89/manaus-kernel/out/drivers/watchdog/mtk_wdt.ko	5.10.233-android12-9-39248-gdd0980c7e7d6 SMP preempt mod_unload modversions aarch64	5.10.233 SMP preempt mod_unload modversions aarch64	no			yes	30688	341704	11.135	28	30	2
mtu3.ko	/home/rebelpilot89/manaus-kernel/Firmware-stock/analysis_modules/stock_extract/lib/modules/mtu3.ko	/home/rebelpilot89/manaus-kernel/out/drivers/usb/mtu3/mtu3.ko	5.10.233-android12-9-39248-gdd0980c7e7d6 SMP preempt mod_unload modversions aarch64	5.10.233 SMP preempt mod_unload modversions aarch64	no			yes	376824	5759240	15.284	150	158	8
mux_switch.ko	/home/rebelpilot89/manaus-kernel/Firmware-stock/analysis_modules/stock_extract/lib/modules/mux_switch.ko	/home/rebelpilot89/manaus-kernel/out/drivers/misc/mediatek/typec/mux/mux_switch.ko	5.10.233-android12-9-39248-gdd0980c7e7d6 SMP preempt mod_unload modversions aarch64	5.10.233 SMP preempt mod_unload modversions aarch64	no			yes	33312	329088	9.879	36	36	0
nvmem_mtk-devinfo.ko	/home/rebelpilot89/manaus-kernel/Firmware-stock/analysis_modules/stock_extract/lib/modules/nvmem_mtk-devinfo.ko	/home/rebelpilot89/manaus-kernel/out/drivers/nvmem/nvmem_mtk-devinfo.ko	5.10.233-android12-9-39248-gdd0980c7e7d6 SMP preempt mod_unload modversions aarch64	5.10.233 SMP preempt mod_unload modversions aarch64	no			yes	14800	273664	18.491	10	10	0
pd-chk-mt6879.ko	/home/rebelpilot89/manaus-kernel/Firmware-stock/analysis_modules/stock_extract/lib/modules/pd-chk-mt6879.ko	/home/rebelpilot89/manaus-kernel/out/drivers/clk/mediatek/pd-chk-mt6879.ko	5.10.233-android12-9-39248-gdd0980c7e7d6 SMP preempt mod_unload modversions aarch64	5.10.233 SMP preempt mod_unload modversions aarch64	no	clk-common,clk-chk-mt6879	clk-common,clk-chk-mt6879	yes	33048	303992	9.198	7	8	1
pd_dbg_info.ko	/home/rebelpilot89/manaus-kernel/Firmware-stock/analysis_modules/stock_extract/lib/modules/pd_dbg_info.ko	/home/rebelpilot89/manaus-kernel/out/drivers/misc/mediatek/typec/tcpc/pd_dbg_info.ko	5.10.233-android12-9-39248-gdd0980c7e7d6 SMP preempt mod_unload modversions aarch64	5.10.233 SMP preempt mod_unload modversions aarch64	no			yes	23176	275392	11.883	25	26	1
phy-mtk-tphy.ko	/home/rebelpilot89/manaus-kernel/Firmware-stock/analysis_modules/stock_extract/lib/modules/phy-mtk-tphy.ko	/home/rebelpilot89/manaus-kernel/out/drivers/phy/mediatek/phy-mtk-tphy.ko	5.10.233-android12-9-39248-gdd0980c7e7d6 SMP preempt mod_unload modversions aarch64	5.10.233 SMP preempt mod_unload modversions aarch64	no			yes	184760	985384	5.333	58	61	3
phy-mtk-ufs.ko	/home/rebelpilot89/manaus-kernel/Firmware-stock/analysis_modules/stock_extract/lib/modules/phy-mtk-ufs.ko	/home/rebelpilot89/manaus-kernel/out/drivers/phy/mediatek/phy-mtk-ufs.ko	5.10.233-android12-9-39248-gdd0980c7e7d6 SMP preempt mod_unload modversions aarch64	5.10.233 SMP preempt mod_unload modversions aarch64	no			yes	35328	452176	12.799	21	22	1
pidmap.ko	/home/rebelpilot89/manaus-kernel/Firmware-stock/analysis_modules/stock_extract/lib/modules/pidmap.ko	/home/rebelpilot89/manaus-kernel/out/drivers/misc/mediatek/pidmap/pidmap.ko	5.10.233-android12-9-39248-gdd0980c7e7d6 SMP preempt mod_unload modversions aarch64	5.10.233 SMP preempt mod_unload modversions aarch64	no	mrdump	mrdump	yes	25400	291408	11.473	29	34	5
pinctrl-mt6879.ko	/home/rebelpilot89/manaus-kernel/Firmware-stock/analysis_modules/stock_extract/lib/modules/pinctrl-mt6879.ko	/home/rebelpilot89/manaus-kernel/out/drivers/pinctrl/mediatek/pinctrl-mt6879.ko	5.10.233-android12-9-39248-gdd0980c7e7d6 SMP preempt mod_unload modversions aarch64	5.10.233 SMP preempt mod_unload modversions aarch64	no	pinctrl-mtk-v2	pinctrl-mtk-v2	yes	167368	488080	2.916	7	8	1
pinctrl-mtk-common-v2_debug.ko	/home/rebelpilot89/manaus-kernel/Firmware-stock/analysis_modules/stock_extract/lib/modules/pinctrl-mtk-common-v2_debug.ko	/home/rebelpilot89/manaus-kernel/out/drivers/pinctrl/mediatek/pinctrl-mtk-common-v2_debug.ko	5.10.233-android12-9-39248-gdd0980c7e7d6 SMP preempt mod_unload modversions aarch64	5.10.233 SMP preempt mod_unload modversions aarch64	no	pinctrl-mtk-v2	pinctrl-mtk-v2	yes	34424	364896	10.600	33	36	3
pinctrl-mtk-v2.ko	/home/rebelpilot89/manaus-kernel/Firmware-stock/analysis_modules/stock_extract/lib/modules/pinctrl-mtk-v2.ko	/home/rebelpilot89/manaus-kernel/out/drivers/pinctrl/mediatek/pinctrl-mtk-v2.ko	5.10.233-android12-9-39248-gdd0980c7e7d6 SMP preempt mod_unload modversions aarch64	5.10.233 SMP preempt mod_unload modversions aarch64	no			yes	138064	889352	6.442	61	45	-16
pmic_lbat_service.ko	/home/rebelpilot89/manaus-kernel/Firmware-stock/analysis_modules/stock_extract/lib/modules/pmic_lbat_service.ko	/home/rebelpilot89/manaus-kernel/out/drivers/misc/mediatek/power_throttling/pmic_lbat_service.ko	5.10.233-android12-9-39248-gdd0980c7e7d6 SMP preempt mod_unload modversions aarch64	5.10.233 SMP preempt mod_unload modversions aarch64	no			yes	46488	368992	7.937	36	38	2
ps5169.ko	/home/rebelpilot89/manaus-kernel/Firmware-stock/analysis_modules/stock_extract/lib/modules/ps5169.ko	/home/rebelpilot89/manaus-kernel/out/drivers/misc/mediatek/typec/mux/ps5169.ko	5.10.233-android12-9-39248-gdd0980c7e7d6 SMP preempt mod_unload modversions aarch64	5.10.233 SMP preempt mod_unload modversions aarch64	no	mux_switch	mux_switch	yes	16512	291488	17.653	13	13	0
pwm-mtk-disp.ko	/home/rebelpilot89/manaus-kernel/Firmware-stock/analysis_modules/stock_extract/lib/modules/pwm-mtk-disp.ko	/home/rebelpilot89/manaus-kernel/out/drivers/pwm/pwm-mtk-disp.ko	5.10.233-android12-9-39248-gdd0980c7e7d6 SMP preempt mod_unload modversions aarch64	5.10.233 SMP preempt mod_unload modversions aarch64	no			yes	42008	316592	7.536	29	24	-5
reboot-mode.ko	/home/rebelpilot89/manaus-kernel/Firmware-stock/analysis_modules/stock_extract/lib/modules/reboot-mode.ko	/home/rebelpilot89/manaus-kernel/out/drivers/power/reset/reboot-mode.ko	5.10.233-android12-9-39248-gdd0980c7e7d6 SMP preempt mod_unload modversions aarch64	5.10.233 SMP preempt mod_unload modversions aarch64	no			yes	16640	278192	16.718	16	17	1
regmap-spmi.ko	/home/rebelpilot89/manaus-kernel/Firmware-stock/analysis_modules/stock_extract/lib/modules/regmap-spmi.ko	/home/rebelpilot89/manaus-kernel/out/drivers/base/regmap/regmap-spmi.ko	5.10.233-android12-9-39248-gdd0980c7e7d6 SMP preempt mod_unload modversions aarch64	5.10.233 SMP preempt mod_unload modversions aarch64	no			yes	17312	288936	16.690	9	10	1
regulator-vibrator.ko	/home/rebelpilot89/manaus-kernel/Firmware-stock/analysis_modules/stock_extract/lib/modules/regulator-vibrator.ko	/home/rebelpilot89/manaus-kernel/out/drivers/leds/regulator-vibrator.ko	5.10.233-android12-9-39248-gdd0980c7e7d6 SMP preempt mod_unload modversions aarch64	5.10.233 SMP preempt mod_unload modversions aarch64	no			yes	24272	374072	15.412	17	18	1
reset-ti-syscon.ko	/home/rebelpilot89/manaus-kernel/Firmware-stock/analysis_modules/stock_extract/lib/modules/reset-ti-syscon.ko	/home/rebelpilot89/manaus-kernel/out/drivers/reset/reset-ti-syscon.ko	5.10.233-android12-9-39248-gdd0980c7e7d6 SMP preempt mod_unload modversions aarch64	5.10.233 SMP preempt mod_unload modversions aarch64	no			yes	16288	288904	17.737	13	14	1
rpmb.ko	/home/rebelpilot89/manaus-kernel/Firmware-stock/analysis_modules/stock_extract/lib/modules/rpmb.ko	/home/rebelpilot89/manaus-kernel/out/drivers/char/rpmb/rpmb.ko	5.10.233-android12-9-39248-gdd0980c7e7d6 SMP preempt mod_unload modversions aarch64	5.10.233 SMP preempt mod_unload modversions aarch64	no			yes	29056	310312	10.680	25	26	1
rpmb-mtk.ko	/home/rebelpilot89/manaus-kernel/Firmware-stock/analysis_modules/stock_extract/lib/modules/rpmb-mtk.ko	/home/rebelpilot89/manaus-kernel/out/drivers/char/rpmb/rpmb-mtk.ko	5.10.233-android12-9-39248-gdd0980c7e7d6 SMP preempt mod_unload modversions aarch64	5.10.233 SMP preempt mod_unload modversions aarch64	no	mcDrvModule,rpmb,ufs-mediatek-mod	mcDrvModule,rpmb,ufs-mediatek-mod	yes	89816	770272	8.576	59	60	1
rt5133-regulator.ko	/home/rebelpilot89/manaus-kernel/Firmware-stock/analysis_modules/stock_extract/lib/modules/rt5133-regulator.ko	/home/rebelpilot89/manaus-kernel/out/drivers/regulator/rt5133-regulator.ko	5.10.233-android12-9-39248-gdd0980c7e7d6 SMP preempt mod_unload modversions aarch64	5.10.233 SMP preempt mod_unload modversions aarch64	no	extdev_io_class	extdev_io_class	yes	33736	437208	12.960	38	40	2
rt6160-regulator.ko	/home/rebelpilot89/manaus-kernel/Firmware-stock/analysis_modules/stock_extract/lib/modules/rt6160-regulator.ko	/home/rebelpilot89/manaus-kernel/out/drivers/regulator/rt6160-regulator.ko	5.10.233-android12-9-39248-gdd0980c7e7d6 SMP preempt mod_unload modversions aarch64	5.10.233 SMP preempt mod_unload modversions aarch64	no			yes	21720	385032	17.727	24	25	1
rtc-mt6685.ko	/home/rebelpilot89/manaus-kernel/Firmware-stock/analysis_modules/stock_extract/lib/modules/rtc-mt6685.ko	/home/rebelpilot89/manaus-kernel/out/drivers/rtc/rtc-mt6685.ko	5.10.233-android12-9-39248-gdd0980c7e7d6 SMP preempt mod_unload modversions aarch64	5.10.233 SMP preempt mod_unload modversions aarch64	no	aee_aed		no	56496	568776	10.068	60	57	-3
rt_pd_manager.ko	/home/rebelpilot89/manaus-kernel/Firmware-stock/analysis_modules/stock_extract/lib/modules/rt_pd_manager.ko	/home/rebelpilot89/manaus-kernel/out/drivers/misc/mediatek/typec/tcpc/rt_pd_manager.ko	5.10.233-android12-9-39248-gdd0980c7e7d6 SMP preempt mod_unload modversions aarch64	5.10.233 SMP preempt mod_unload modversions aarch64	no	tcpc_class,charger_class	tcpc_class,charger_class	yes	30112	330016	10.960	38	28	-10
sec.ko	/home/rebelpilot89/manaus-kernel/Firmware-stock/analysis_modules/stock_extract/lib/modules/sec.ko	/home/rebelpilot89/manaus-kernel/out/drivers/misc/mediatek/masp/sec.ko	5.10.233-android12-9-39248-gdd0980c7e7d6 SMP preempt mod_unload modversions aarch64	5.10.233 SMP preempt mod_unload modversions aarch64	no			yes	130104	1008576	7.752	49	52	3
sec-rng.ko	/home/rebelpilot89/manaus-kernel/Firmware-stock/analysis_modules/stock_extract/lib/modules/sec-rng.ko	/home/rebelpilot89/manaus-kernel/out/drivers/char/hw_random/sec-rng.ko	5.10.233-android12-9-39248-gdd0980c7e7d6 SMP preempt mod_unload modversions aarch64	5.10.233 SMP preempt mod_unload modversions aarch64	no			yes	14464	271384	18.763	12	11	-1
spi-mt65xx.ko	/home/rebelpilot89/manaus-kernel/Firmware-stock/analysis_modules/stock_extract/lib/modules/spi-mt65xx.ko	/home/rebelpilot89/manaus-kernel/out/drivers/spi/spi-mt65xx.ko	5.10.233-android12-9-39248-gdd0980c7e7d6 SMP preempt mod_unload modversions aarch64	5.10.233 SMP preempt mod_unload modversions aarch64	no			yes	67920	479400	7.058	47	48	1
spmi-mtk-pmif.ko	/home/rebelpilot89/manaus-kernel/Firmware-stock/analysis_modules/stock_extract/lib/modules/spmi-mtk-pmif.ko	/home/rebelpilot89/manaus-kernel/out/drivers/spmi/spmi-mtk-pmif.ko	5.10.233-android12-9-39248-gdd0980c7e7d6 SMP preempt mod_unload modversions aarch64	5.10.233 SMP preempt mod_unload modversions aarch64	no	aee_aed	aee_aed	yes	120160	745504	6.204	64	65	1
syscon-reboot-mode.ko	/home/rebelpilot89/manaus-kernel/Firmware-stock/analysis_modules/stock_extract/lib/modules/syscon-reboot-mode.ko	/home/rebelpilot89/manaus-kernel/out/drivers/power/reset/syscon-reboot-mode.ko	5.10.233-android12-9-39248-gdd0980c7e7d6 SMP preempt mod_unload modversions aarch64	5.10.233 SMP preempt mod_unload modversions aarch64	no	reboot-mode	reboot-mode	yes	13696	269944	19.710	8	9	1
system_heap.ko	/home/rebelpilot89/manaus-kernel/Firmware-stock/analysis_modules/stock_extract/lib/modules/system_heap.ko	/home/rebelpilot89/manaus-kernel/out/drivers/dma-buf/heaps/system_heap.ko	5.10.233-android12-9-39248-gdd0980c7e7d6 SMP preempt mod_unload modversions aarch64	5.10.233 SMP preempt mod_unload modversions aarch64	no			yes	48632	430360	8.849	56	61	5
tcpc_class.ko	/home/rebelpilot89/manaus-kernel/Firmware-stock/analysis_modules/stock_extract/lib/modules/tcpc_class.ko	/home/rebelpilot89/manaus-kernel/out/drivers/misc/mediatek/typec/tcpc/tcpc_class.ko	5.10.233-android12-9-39248-gdd0980c7e7d6 SMP preempt mod_unload modversions aarch64	5.10.233 SMP preempt mod_unload modversions aarch64	no	pd_dbg_info	pd_dbg_info	yes	658320	2753776	4.183	100	73	-27
tcpci_late_sync.ko	/home/rebelpilot89/manaus-kernel/Firmware-stock/analysis_modules/stock_extract/lib/modules/tcpci_late_sync.ko	/home/rebelpilot89/manaus-kernel/out/drivers/misc/mediatek/typec/tcpc/tcpci_late_sync.ko	5.10.233-android12-9-39248-gdd0980c7e7d6 SMP preempt mod_unload modversions aarch64	5.10.233 SMP preempt mod_unload modversions aarch64	no	tcpc_class	tcpc_class	yes	10664	266088	24.952	4	5	1
tcpc_mt6375.ko	/home/rebelpilot89/manaus-kernel/Firmware-stock/analysis_modules/stock_extract/lib/modules/tcpc_mt6375.ko	/home/rebelpilot89/manaus-kernel/out/drivers/misc/mediatek/typec/tcpc/tcpc_mt6375.ko	5.10.233-android12-9-39248-gdd0980c7e7d6 SMP preempt mod_unload modversions aarch64	5.10.233 SMP preempt mod_unload modversions aarch64	no	tcpc_class,pd_dbg_info	tcpc_class,pd_dbg_info	yes	83744	445480	5.320	81	71	-10
teeperf.ko	/home/rebelpilot89/manaus-kernel/Firmware-stock/analysis_modules/stock_extract/lib/modules/teeperf.ko	/home/rebelpilot89/manaus-kernel/out/drivers/tee/teeperf/teeperf.ko	5.10.233-android12-9-39248-gdd0980c7e7d6 SMP preempt mod_unload modversions aarch64	5.10.233 SMP preempt mod_unload modversions aarch64	no			yes	24032	506264	21.066	26	25	-1
tinysys-scmi.ko	/home/rebelpilot89/manaus-kernel/Firmware-stock/analysis_modules/stock_extract/lib/modules/tinysys-scmi.ko	/home/rebelpilot89/manaus-kernel/out/drivers/misc/mediatek/tinysys_scmi/tinysys-scmi.ko	5.10.233-android12-9-39248-gdd0980c7e7d6 SMP preempt mod_unload modversions aarch64	5.10.233 SMP preempt mod_unload modversions aarch64	no			yes	28760	530672	18.452	11	13	2
tui-common.ko	/home/rebelpilot89/manaus-kernel/Firmware-stock/analysis_modules/stock_extract/lib/modules/tui-common.ko	/home/rebelpilot89/manaus-kernel/out/drivers/input/touchscreen/tui-common.ko	5.10.233-android12-9-39248-gdd0980c7e7d6 SMP preempt mod_unload modversions aarch64	5.10.233 SMP preempt mod_unload modversions aarch64	no			yes	14568	150976	10.364	2	3	1
ufs-mediatek-dbg.ko	/home/rebelpilot89/manaus-kernel/Firmware-stock/analysis_modules/stock_extract/lib/modules/ufs-mediatek-dbg.ko	/home/rebelpilot89/manaus-kernel/out/drivers/scsi/ufs/ufs-mediatek-dbg.ko	5.10.233-android12-9-39248-gdd0980c7e7d6 SMP preempt mod_unload modversions aarch64	5.10.233 SMP preempt mod_unload modversions aarch64	no	mrdump	mrdump	yes	53192	526712	9.902	33	37	4
ufs-mediatek-mod.ko	/home/rebelpilot89/manaus-kernel/Firmware-stock/analysis_modules/stock_extract/lib/modules/ufs-mediatek-mod.ko	/home/rebelpilot89/manaus-kernel/out/drivers/scsi/ufs/vendor/ufs-mediatek-mod.ko	5.10.233-android12-9-39248-gdd0980c7e7d6 SMP preempt mod_unload modversions aarch64	5.10.233 SMP preempt mod_unload modversions aarch64	no	mcDrvModule,blocktag,aee_aed,ufs-mediatek-dbg,rpmb	mcDrvModule,blocktag,aee_aed,ufs-mediatek-dbg,rpmb	yes	278912	7158488	25.666	222	263	41
uload_ind.ko	/home/rebelpilot89/manaus-kernel/Firmware-stock/analysis_modules/stock_extract/lib/modules/uload_ind.ko	/home/rebelpilot89/manaus-kernel/out/drivers/misc/mediatek/performance/uload_ind/uload_ind.ko	5.10.233-android12-9-39248-gdd0980c7e7d6 SMP preempt mod_unload modversions aarch64	5.10.233 SMP preempt mod_unload modversions aarch64	no	load_track	load_track	yes	52592	451360	8.582	41	48	7
usb_boost.ko	/home/rebelpilot89/manaus-kernel/Firmware-stock/analysis_modules/stock_extract/lib/modules/usb_boost.ko	/home/rebelpilot89/manaus-kernel/out/drivers/misc/mediatek/usb_boost/usb_boost.ko	5.10.233-android12-9-39248-gdd0980c7e7d6 SMP preempt mod_unload modversions aarch64	5.10.233 SMP preempt mod_unload modversions aarch64	no	mtk-dvfsrc,mtu3	mtk-dvfsrc,mtu3	yes	55320	781024	14.118	44	46	2
vcp_status.ko	/home/rebelpilot89/manaus-kernel/Firmware-stock/analysis_modules/stock_extract/lib/modules/vcp_status.ko	/home/rebelpilot89/manaus-kernel/out/drivers/misc/mediatek/vcp/rv/vcp_status.ko	5.10.233-android12-9-39248-gdd0980c7e7d6 SMP preempt mod_unload modversions aarch64	5.10.233 SMP preempt mod_unload modversions aarch64	no			yes	20520	162144	7.902	1	3	2
wl2864c-regulator.ko	/home/rebelpilot89/manaus-kernel/Firmware-stock/analysis_modules/stock_extract/lib/modules/wl2864c-regulator.ko	/home/rebelpilot89/manaus-kernel/out/drivers/regulator/wl2864c-regulator.ko	5.10.233-android12-9-39248-gdd0980c7e7d6 SMP preempt mod_unload modversions aarch64	5.10.233 SMP preempt mod_unload modversions aarch64	no			yes	29320	408824	13.944	27	28	1
xhci-mtk-hcd.ko	/home/rebelpilot89/manaus-kernel/Firmware-stock/analysis_modules/stock_extract/lib/modules/xhci-mtk-hcd.ko	/home/rebelpilot89/manaus-kernel/out/drivers/usb/host/xhci-mtk-hcd.ko	5.10.233-android12-9-39248-gdd0980c7e7d6 SMP preempt mod_unload modversions aarch64	5.10.233 SMP preempt mod_unload modversions aarch64	no			yes	65560	947728	14.456	83	90	7
zram.ko	/home/rebelpilot89/manaus-kernel/Firmware-stock/analysis_modules/stock_extract/lib/modules/zram.ko	/home/rebelpilot89/manaus-kernel/out/drivers/block/zram/zram.ko	5.10.233-android12-9-39248-gdd0980c7e7d6 SMP preempt mod_unload modversions aarch64	5.10.233 SMP preempt mod_unload modversions aarch64	no	zsmalloc	zsmalloc	yes	94216	735136	7.803	120	125	5
zsmalloc.ko	/home/rebelpilot89/manaus-kernel/Firmware-stock/analysis_modules/stock_extract/lib/modules/zsmalloc.ko	/home/rebelpilot89/manaus-kernel/out/mm/zsmalloc.ko	5.10.233-android12-9-39248-gdd0980c7e7d6 SMP preempt mod_unload modversions aarch64	5.10.233 SMP preempt mod_unload modversions aarch64	no			yes	82264	659648	8.019	59	65	6
